method,metric_type,class,anchor_class,time_index,mean,std,median,q1,q3
methodB,off_axis_ratio,ambiguous,,0,0.0,0.0,0.0,0.0,0.0
methodB,off_axis_ratio,ambiguous,,1,0.35752679131649157,0.2130537355249504,0.3221668004989624,0.20802908390760422,0.3947778046131134
methodB,off_axis_ratio,ambiguous,,2,0.49322849070584335,0.22280664658300534,0.4741566777229309,0.29221847653388977,0.6164102554321289
methodB,off_axis_ratio,ambiguous,,3,0.5647374176316791,0.24381098920929622,0.5172123312950134,0.39599308371543884,0.6920634508132935
methodB,off_axis_ratio,ambiguous,,4,0.6417459459216507,0.23156883265980224,0.5973349809646606,0.4795352518558502,0.7731558978557587
methodB,off_axis_ratio,ambiguous,,5,0.7068794082712244,0.21424830968652944,0.6929644346237183,0.5377398729324341,0.8299337923526764
methodB,off_axis_ratio,ambiguous,,6,0.750817882793921,0.1995798428813376,0.742781937122345,0.6161962747573853,0.8871309459209442
methodB,off_axis_ratio,ambiguous,,7,0.8157210912969377,0.1992279426077495,0.7845723628997803,0.6730639338493347,0.9399246871471405
methodB,off_axis_ratio,ambiguous,,8,0.8490751716825697,0.18622787306856178,0.8451995849609375,0.713571697473526,0.9301932752132416
methodB,off_axis_ratio,ambiguous,,9,0.8594722394590024,0.19138600212237375,0.849794864654541,0.7526241540908813,0.9524002373218536
methodB,off_axis_ratio,ambiguous,,10,0.8611901457662936,0.21750588127910853,0.8603573441505432,0.7170779705047607,0.9541454911231995
methodB,off_axis_ratio,ambiguous,,11,0.8837806063669699,0.22141104531973566,0.9162569046020508,0.7268017828464508,0.978172093629837
methodB,off_axis_ratio,ambiguous,,12,0.8911556391804306,0.21810195858730907,0.9004681706428528,0.7175505757331848,1.0093606412410736
methodB,off_axis_ratio,ambiguous,,13,0.9099164406458536,0.2182252710287468,0.9118384122848511,0.7309327721595764,1.0571209788322449
methodB,off_axis_ratio,ambiguous,,14,0.9174573553933038,0.2089094350804448,0.93185955286026,0.7545385956764221,1.0546128749847412
methodB,off_axis_ratio,ambiguous,,15,0.9142643930735411,0.19036035903958234,0.8872597813606262,0.7840120494365692,1.041442096233368
methodB,off_axis_ratio,ambiguous,,16,0.9181976914405823,0.1852853246020574,0.9059706330299377,0.8068961203098297,1.0564880967140198
methodB,off_axis_ratio,ambiguous,,17,0.9248036985044126,0.19895852822872412,0.9246590733528137,0.82649827003479,1.0616405010223389
methodB,off_axis_ratio,ambiguous,,18,0.9222613860059667,0.19653015004501143,0.935799777507782,0.8091090321540833,1.065514326095581
methodB,off_axis_ratio,ambiguous,,19,0.9088664761296025,0.21272020874834838,0.8915339112281799,0.7690426707267761,1.0902827382087708
methodB,off_axis_ratio,polite,,0,0.0,0.0,0.0,0.0,0.0
methodB,off_axis_ratio,polite,,1,0.2968019054430287,0.11447342782857627,0.26460933685302734,0.2228570431470871,0.35699570178985596
methodB,off_axis_ratio,polite,,2,0.4029054056580474,0.1351356408535445,0.38393959403038025,0.333030104637146,0.46988168358802795
methodB,off_axis_ratio,polite,,3,0.4930324194634833,0.16449855692118256,0.47556421160697937,0.352990061044693,0.5925812125205994
methodB,off_axis_ratio,polite,,4,0.5401117525449614,0.1612068820692565,0.5194101929664612,0.4315200746059418,0.6644222736358643
methodB,off_axis_ratio,polite,,5,0.6079497569944801,0.16565436626045127,0.5866207480430603,0.4891001284122467,0.7123148441314697
methodB,off_axis_ratio,polite,,6,0.6294679619917055,0.15565447374163308,0.6208372712135315,0.5158377885818481,0.7335843443870544
methodB,off_axis_ratio,polite,,7,0.6721284607561623,0.16308582226790974,0.6529827117919922,0.5494903922080994,0.7625553607940674
methodB,off_axis_ratio,polite,,8,0.692630517046626,0.17533346082789633,0.6525417566299438,0.5899317264556885,0.7847063541412354
methodB,off_axis_ratio,polite,,9,0.7253284199935633,0.18671851044123766,0.718047559261322,0.6153172850608826,0.8110144734382629
methodB,off_axis_ratio,polite,,10,0.7437308801383506,0.18708127059992893,0.7299940586090088,0.6162977814674377,0.8633617162704468
methodB,off_axis_ratio,polite,,11,0.7649023009509575,0.1844863726705781,0.7539016008377075,0.6539598703384399,0.8624433875083923
methodB,off_axis_ratio,polite,,12,0.7885840266216092,0.1929024008091206,0.7445757389068604,0.6528069972991943,0.9229833483695984
methodB,off_axis_ratio,polite,,13,0.8008321698119001,0.20568477209294186,0.765713632106781,0.6333498358726501,0.9663680791854858
methodB,off_axis_ratio,polite,,14,0.8114521176349826,0.20108065329312444,0.8100919723510742,0.6424307823181152,0.9502903819084167
methodB,off_axis_ratio,polite,,15,0.8098763518217134,0.18833357320827776,0.7868559956550598,0.6599826216697693,0.9719693064689636
methodB,off_axis_ratio,polite,,16,0.8158268594160313,0.1947881711780155,0.8220489621162415,0.6522526144981384,0.990607738494873
methodB,off_axis_ratio,polite,,17,0.8098818369028045,0.19524334050837633,0.8054766654968262,0.6175170540809631,0.9755079746246338
methodB,off_axis_ratio,polite,,18,0.7928159629426351,0.20760287334847496,0.8237584233283997,0.6135980486869812,0.9700198769569397
methodB,off_axis_ratio,polite,,19,0.8023830848496135,0.19802573658352862,0.7841838598251343,0.6673179268836975,0.9843173623085022
methodB,off_axis_ratio,truesmile,,0,0.0,0.0,0.0,0.0,0.0
methodB,off_axis_ratio,truesmile,,1,0.6219536413749059,0.13750378886949846,0.6283116638660431,0.5881772637367249,0.7113637328147888
methodB,off_axis_ratio,truesmile,,2,0.827470064163208,0.16870117600388654,0.8154751360416412,0.8039108067750931,0.9534059315919876
methodB,off_axis_ratio,truesmile,,3,0.9348964144786199,0.2426761788573321,0.9592669010162354,0.9164351373910904,1.0027816891670227
methodB,off_axis_ratio,truesmile,,4,1.0368356108665466,0.20846181408997952,1.0277278125286102,0.9911569505929947,1.1343120634555817
methodB,off_axis_ratio,truesmile,,5,1.0695758660634358,0.2253768387087348,1.085750937461853,1.0427614152431488,1.134474754333496
methodB,off_axis_ratio,truesmile,,6,1.0951857169469197,0.2450194845281896,1.122830867767334,1.0835592448711395,1.1785413026809692
methodB,off_axis_ratio,truesmile,,7,1.1018402973810832,0.2499071610184738,1.1363059282302856,1.086224377155304,1.2109055519104004
methodB,off_axis_ratio,truesmile,,8,1.1287621955076854,0.24393207455461743,1.1688684225082397,1.1078799962997437,1.2443478405475616
methodB,off_axis_ratio,truesmile,,9,1.107679049173991,0.27371648369691015,1.1775053143501282,1.1178896725177765,1.2974793314933777
methodB,off_axis_ratio,truesmile,,10,1.0952792863051097,0.2578843274988063,1.1384970545768738,1.0686561167240143,1.2808869183063507
methodB,off_axis_ratio,truesmile,,11,1.0919143110513687,0.3031467392264019,1.1549532413482666,1.056957095861435,1.303375005722046
methodB,off_axis_ratio,truesmile,,12,1.0931493838628132,0.2762928608488091,1.167985737323761,1.0431889295578003,1.2819258570671082
methodB,off_axis_ratio,truesmile,,13,1.1146078407764435,0.25560157689230495,1.2098549604415894,1.0583880841732025,1.303886890411377
methodB,off_axis_ratio,truesmile,,14,1.1470818916956584,0.24643130886080114,1.267793893814087,1.0818720757961273,1.318619817495346
methodB,off_axis_ratio,truesmile,,15,1.154269148906072,0.23442889501945205,1.2648640275001526,1.1241818964481354,1.313346028327942
methodB,off_axis_ratio,truesmile,,16,1.1478307445844014,0.2556731678774556,1.2554837465286255,1.0553973615169525,1.327775478363037
methodB,off_axis_ratio,truesmile,,17,1.1697457432746887,0.27593980445540267,1.2647826075553894,1.2193487584590912,1.3101403713226318
methodB,off_axis_ratio,truesmile,,18,1.0970610678195953,0.23634915108588173,1.1831271052360535,1.1015351116657257,1.2003872990608215
methodB,off_axis_ratio,truesmile,,19,1.0077476350950316,0.45570760861370685,1.1854832768440247,1.1266685724258423,1.2220497727394104
methodB,projection_ratio,ambiguous,,0,0.0,0.0,0.0,0.0,0.0
methodB,projection_ratio,ambiguous,,1,0.013794420351688232,0.04480862422382273,0.012142258696258068,-0.003048203478101641,0.031965929083526134
methodB,projection_ratio,ambiguous,,2,0.013104566062490145,0.07661680246057288,0.026176059618592262,-0.010102590080350637,0.04435100220143795
methodB,projection_ratio,ambiguous,,3,0.0385288867228492,0.08894723609861468,0.03128504380583763,-0.012875746935606003,0.09866057336330414
methodB,projection_ratio,ambiguous,,4,0.05938965195996894,0.07425234603465652,0.05191424861550331,-0.014526169281452894,0.1258038654923439
methodB,projection_ratio,ambiguous,,5,0.08426856032262246,0.08630390762850637,0.08150959759950638,0.014877024572342634,0.16255058348178864
methodB,projection_ratio,ambiguous,,6,0.11176911982086797,0.1064364150040676,0.11908471584320068,0.03275538608431816,0.1734766736626625
methodB,projection_ratio,ambiguous,,7,0.15456536708882562,0.12195039036798916,0.14287984371185303,0.06532995216548443,0.22017860412597656
methodB,projection_ratio,ambiguous,,8,0.1826638000568858,0.11989680904771205,0.13897332549095154,0.10204071924090385,0.25636808574199677
methodB,projection_ratio,ambiguous,,9,0.19329115217206655,0.12088096153560068,0.16427147388458252,0.10334840789437294,0.2717733085155487
methodB,projection_ratio,ambiguous,,10,0.1763626944653138,0.1183648244376105,0.157375767827034,0.09609820321202278,0.24787047505378723
methodB,projection_ratio,ambiguous,,11,0.19436094113108185,0.12479323417567943,0.16644708812236786,0.12496757507324219,0.2388612926006317
methodB,projection_ratio,ambiguous,,12,0.1863028008007893,0.1361392898674248,0.15563800930976868,0.10348175093531609,0.2687564194202423
methodB,projection_ratio,ambiguous,,13,0.19056404092245632,0.14199985987712915,0.14819155633449554,0.11584173515439034,0.2547518312931061
methodB,projection_ratio,ambiguous,,14,0.1908602083308829,0.12141432613768464,0.17740704119205475,0.11938495188951492,0.2548079118132591
methodB,projection_ratio,ambiguous,,15,0.2132811026164779,0.10815073871286278,0.18631546199321747,0.1462077647447586,0.25866007804870605
methodB,projection_ratio,ambiguous,,16,0.20103015017661233,0.11473582898881206,0.19534429907798767,0.10970788076519966,0.2562413290143013
methodB,projection_ratio,ambiguous,,17,0.19609984948679252,0.12026207916237483,0.21305571496486664,0.10301078855991364,0.27004730701446533
methodB,projection_ratio,ambiguous,,18,0.21121076287494767,0.12445779381165799,0.20855095982551575,0.10031574591994286,0.3002043217420578
methodB,projection_ratio,ambiguous,,19,0.19323308760929783,0.11688577253988941,0.17969276010990143,0.1210472397506237,0.2969474494457245
methodB,projection_ratio,polite,,0,0.0,0.0,0.0,0.0,0.0
methodB,projection_ratio,polite,,1,0.005061995425998381,0.041951288562521415,0.004553531296551228,-0.020137740299105644,0.029574744403362274
methodB,projection_ratio,polite,,2,0.003841529383818142,0.05536341889892931,0.011359816417098045,-0.039583150297403336,0.03546803817152977
methodB,projection_ratio,polite,,3,0.012954810957946792,0.08343515738021705,0.008842273615300655,-0.028109412640333176,0.03808259591460228
methodB,projection_ratio,polite,,4,0.02287072969441552,0.09296586705473557,0.009535303339362144,-0.040374334901571274,0.06350461393594742
methodB,projection_ratio,polite,,5,0.024083558626177653,0.09959966608474526,0.016736267134547234,-0.037861261516809464,0.06879349052906036
methodB,projection_ratio,polite,,6,0.03940805086366287,0.10215675799019236,0.026857955381274223,-0.016864528879523277,0.09058632701635361
methodB,projection_ratio,polite,,7,0.041904889637740646,0.10231762991902067,0.013317843899130821,-0.032463010400533676,0.10046970844268799
methodB,projection_ratio,polite,,8,0.04753269860520959,0.0837191466606785,0.03869576379656792,-0.018327629193663597,0.10409261286258698
methodB,projection_ratio,polite,,9,0.06474343062060453,0.10081416517470736,0.05207287520170212,0.016039198264479637,0.11314721405506134
methodB,projection_ratio,polite,,10,0.07448194472391795,0.1022398829060932,0.06077750027179718,0.015775473788380623,0.1346845030784607
methodB,projection_ratio,polite,,11,0.08996010563767902,0.11365914737315992,0.07088831067085266,0.03045700304210186,0.12101452797651291
methodB,projection_ratio,polite,,12,0.10341731600730293,0.1073498503069387,0.08891934156417847,0.04507332295179367,0.17653395235538483
methodB,projection_ratio,polite,,13,0.12067472621253351,0.10828132452971506,0.11282236129045486,0.06752146780490875,0.18505902588367462
methodB,projection_ratio,polite,,14,0.15105000260944773,0.12604676643448606,0.12159618735313416,0.06040186807513237,0.2418496310710907
methodB,projection_ratio,polite,,15,0.15591714124581435,0.13354946056663397,0.13635583221912384,0.09845379739999771,0.21713265776634216
methodB,projection_ratio,polite,,16,0.1615362563851948,0.1372161772291251,0.15287275612354279,0.06280837208032608,0.24199175834655762
methodB,projection_ratio,polite,,17,0.14474502937277642,0.1364669326528392,0.13670091331005096,0.05946521461009979,0.24092042446136475
methodB,projection_ratio,polite,,18,0.13566938848745805,0.14568239512150302,0.12909437716007233,0.029563119634985924,0.21917425096035004
methodB,projection_ratio,polite,,19,0.13612130839979594,0.12799437568176417,0.14850284159183502,0.025610504671931267,0.2050345093011856
methodB,projection_ratio,truesmile,,0,0.0,0.0,0.0,0.0,0.0
methodB,projection_ratio,truesmile,,1,0.01928584712247054,0.05361228820888751,0.019958948716521263,-0.03000024054199457,0.052501275204122066
methodB,projection_ratio,truesmile,,2,0.0368952895514667,0.06600624376933163,0.022532415110617876,-0.02104298141784966,0.09378457861021161
methodB,projection_ratio,truesmile,,3,0.14204665645956993,0.11108059826247535,0.16043655574321747,0.08662589080631733,0.2405913546681404
methodB,projection_ratio,truesmile,,4,0.14503202711542448,0.14592548211693213,0.12802625447511673,0.09569251909852028,0.260544128715992
methodB,projection_ratio,truesmile,,5,0.18558508778611818,0.16427226083724447,0.17902762442827225,0.14277075231075287,0.30683767795562744
methodB,projection_ratio,truesmile,,6,0.19815320149064064,0.2027541606176425,0.19739029556512833,0.13691634498536587,0.3651462532579899
methodB,projection_ratio,truesmile,,7,0.24138974770903587,0.17360341703386073,0.26181357353925705,0.15989647805690765,0.3894794061779976
methodB,projection_ratio,truesmile,,8,0.27208224684000015,0.18198379340173265,0.27891090512275696,0.1837846077978611,0.4003092721104622
methodB,projection_ratio,truesmile,,9,0.2823233569506556,0.16000567305362243,0.3212975263595581,0.205813929438591,0.39822736382484436
methodB,projection_ratio,truesmile,,10,0.29768627633651096,0.18423520541954788,0.35502737760543823,0.24406125023961067,0.4375191181898117
methodB,projection_ratio,truesmile,,11,0.2919236558179061,0.19005547434263492,0.33738164603710175,0.238550566136837,0.4143127351999283
methodB,projection_ratio,truesmile,,12,0.29761563676098984,0.18365592578453838,0.3215525150299072,0.27452006191015244,0.37566445767879486
methodB,projection_ratio,truesmile,,13,0.3157619573175907,0.21836777658807527,0.328132301568985,0.3005072697997093,0.3968348950147629
methodB,projection_ratio,truesmile,,14,0.3337830522408088,0.22827692894891183,0.29281724989414215,0.2773277163505554,0.4166703298687935
methodB,projection_ratio,truesmile,,15,0.33638254677255947,0.22409263593983916,0.3306575119495392,0.26628580689430237,0.42275214940309525
methodB,projection_ratio,truesmile,,16,0.3619940862990916,0.20511057900784282,0.3516205847263336,0.2874133586883545,0.46325501054525375
methodB,projection_ratio,truesmile,,17,0.4105863328247021,0.2391008240689665,0.4085712283849716,0.3072713315486908,0.5518350899219513
methodB,projection_ratio,truesmile,,18,0.38003231957554817,0.23141790257798417,0.3433842360973358,0.2820144593715668,0.40006501972675323
methodB,projection_ratio,truesmile,,19,0.448161077996095,0.2693565488748235,0.3882966488599777,0.2825533598661423,0.4758356288075447
