method,class,sequence_id,time_index,projection_ratio,off_axis_ratio
methodB,polite,1,0,0.0,0.0
methodB,polite,1,1,0.029574744403362274,0.4197739362716675
methodB,polite,1,2,0.07195443660020828,0.5375376343727112
methodB,polite,1,3,0.11080843955278397,0.5793103575706482
methodB,polite,1,4,0.14636272192001343,0.5620973706245422
methodB,polite,1,5,0.13286785781383514,0.6006571650505066
methodB,polite,1,6,0.11128263175487518,0.5868276357650757
methodB,polite,1,7,0.12111911177635193,0.6358806490898132
methodB,polite,1,8,0.10087794065475464,0.6525417566299438
methodB,polite,1,9,0.09461113065481186,0.6675091981887817
methodB,polite,1,10,0.07263258844614029,0.6773821711540222
methodB,polite,1,11,0.07439673691987991,0.6588956117630005
methodB,polite,1,12,0.11058175563812256,0.6660346984863281
methodB,polite,1,13,0.11155881732702255,0.6765273213386536
methodB,polite,1,14,0.11841534078121185,0.6662869453430176
methodB,polite,1,15,0.11609860509634018,0.6599826216697693
methodB,polite,1,16,0.15287275612354279,0.6522526144981384
methodB,polite,1,17,0.14626573026180267,0.5703526735305786
methodB,polite,1,18,0.1679270714521408,0.5030137896537781
methodB,polite,1,19,0.18120482563972473,0.6332836151123047
methodB,polite,10,0,0.0,0.0
methodB,polite,10,1,-0.019845200702548027,0.25037357211112976
methodB,polite,10,2,-0.050180770456790924,0.5274440050125122
methodB,polite,10,3,0.01361373532563448,0.6986216902732849
methodB,polite,10,4,0.011840065941214561,0.7705453038215637
methodB,polite,10,5,0.23987552523612976,0.9514873623847961
methodB,polite,10,6,0.20499329268932343,0.9858148097991943
methodB,polite,10,7,0.165748730301857,0.9847345352172852
methodB,polite,10,8,0.23017677664756775,0.933624267578125
methodB,polite,10,9,0.15867845714092255,1.0190190076828003
methodB,polite,10,10,0.2734634578227997,0.9417203664779663
methodB,polite,10,11,0.3084091246128082,0.9750702977180481
methodB,polite,10,12,0.22421450912952423,0.9631396532058716
methodB,polite,10,13,0.12272094935178757,0.9492005109786987
methodB,polite,10,14,0.12531854212284088,0.8997997045516968
methodB,polite,10,15,0.13635583221912384,0.8628517985343933
methodB,polite,10,16,0.1356225460767746,0.8220489621162415
methodB,polite,10,17,0.10489155352115631,0.7931010723114014
methodB,polite,10,18,0.1096414253115654,0.8252401351928711
methodB,polite,10,19,0.13342395424842834,0.8525269627571106
methodB,polite,11,0,0.0,0.0
methodB,polite,11,1,-0.0003547712694853544,0.1585233360528946
methodB,polite,11,2,0.019294194877147675,0.3539749085903168
methodB,polite,11,3,0.017288584262132645,0.3735327124595642
methodB,polite,11,4,0.041593410074710846,0.43844980001449585
methodB,polite,11,5,0.033816173672676086,0.4891001284122467
methodB,polite,11,6,0.050417400896549225,0.5650256872177124
methodB,polite,11,7,0.1727474480867386,0.718061625957489
methodB,polite,11,8,0.12208672612905502,0.6812794208526611
methodB,polite,11,9,0.0976516380906105,0.6797340512275696
methodB,polite,11,10,0.10548141598701477,0.6500685214996338
methodB,polite,11,11,0.10262142866849899,0.5902843475341797
methodB,polite,11,12,0.10961166024208069,0.633297324180603
methodB,polite,11,13,0.10383965075016022,0.5995772480964661
methodB,polite,11,14,0.1363411396741867,0.6584872603416443
methodB,polite,11,15,0.13249702751636505,0.6562563180923462
methodB,polite,11,16,0.15116745233535767,0.6647363305091858
methodB,polite,11,17,0.11549364030361176,0.5542272925376892
methodB,polite,11,18,0.02084294706583023,0.4765165448188782
methodB,polite,11,19,-0.0012878180714324117,0.44204869866371155
methodB,polite,13,0,0.0,0.0
methodB,polite,13,1,-0.001323884236626327,0.16431201994419098
methodB,polite,13,2,-0.0006585094379261136,0.21428857743740082
methodB,polite,13,3,-0.007944656535983086,0.24406100809574127
methodB,polite,13,4,-0.04415198415517807,0.32025662064552307
methodB,polite,13,5,-0.010779237374663353,0.3817458152770996
methodB,polite,13,6,-0.014730041846632957,0.4136333167552948
methodB,polite,13,7,0.008967746049165726,0.43833377957344055
methodB,polite,13,8,0.034101035445928574,0.43505406379699707
methodB,polite,13,9,0.013536067679524422,0.4471774995326996
methodB,polite,13,10,0.06155354902148247,0.4501824975013733
methodB,polite,13,11,0.06754163652658463,0.4651685059070587
methodB,polite,13,12,0.08300897479057312,0.5336340665817261
methodB,polite,13,13,0.09004354476928711,0.5071442723274231
methodB,polite,13,14,0.05032559484243393,0.5309107899665833
methodB,polite,13,15,0.09845379739999771,0.5651033520698547
methodB,polite,13,16,0.14156265556812286,0.5843446850776672
methodB,polite,13,17,0.1516018509864807,0.5917429327964783
methodB,polite,13,18,0.149348184466362,0.5826691389083862
methodB,polite,13,19,0.14850284159183502,0.5830074548721313
methodB,polite,15,0,0.0,0.0
methodB,polite,15,1,0.02526053600013256,0.16046838462352753
methodB,polite,15,2,0.024697888642549515,0.21349859237670898
methodB,polite,15,3,0.008842273615300655,0.26814004778862
methodB,polite,15,4,0.010009384714066982,0.32132041454315186
methodB,polite,15,5,0.02012857422232628,0.7674007415771484
methodB,polite,15,6,-0.012169239111244678,0.5237111449241638
methodB,polite,15,7,-0.07517847418785095,0.4552271366119385
methodB,polite,15,8,-0.018327629193663597,0.473842054605484
methodB,polite,15,9,0.05207287520170212,0.5112791061401367
methodB,polite,15,10,-0.004320372361689806,0.6456071138381958
methodB,polite,15,11,0.07088831067085266,0.7135055065155029
methodB,polite,15,12,0.16285282373428345,0.8614018559455872
methodB,polite,15,13,0.18505902588367462,0.8185176849365234
methodB,polite,15,14,0.29822391271591187,0.8880711197853088
methodB,polite,15,15,0.15855009853839874,0.9719693064689636
methodB,polite,15,16,0.24199175834655762,1.0037707090377808
methodB,polite,15,17,0.2371269017457962,1.0212576389312744
methodB,polite,15,18,0.18876796960830688,0.9117273688316345
methodB,polite,15,19,0.15411151945590973,0.6673179268836975
methodB,polite,16,0,0.0,0.0
methodB,polite,16,1,-0.06462711095809937,0.257431298494339
methodB,polite,16,2,-0.05711482837796211,0.3647244870662689
methodB,polite,16,3,-0.028109412640333176,0.5925812125205994
methodB,polite,16,4,-0.040374334901571274,0.5394679307937622
methodB,polite,16,5,-0.055589817464351654,0.5700007081031799
methodB,polite,16,6,-0.06330941617488861,0.647750735282898
methodB,polite,16,7,0.009001649916172028,0.6611523628234863
methodB,polite,16,8,0.05649217218160629,0.7788190245628357
methodB,polite,16,9,0.04102981463074684,0.7603967189788818
methodB,polite,16,10,0.09819433093070984,0.893220067024231
methodB,polite,16,11,0.0625368282198906,0.7828701138496399
methodB,polite,16,12,0.06443323194980621,0.863854706287384
methodB,polite,16,13,0.015336558222770691,0.8939439058303833
methodB,polite,16,14,0.053676947951316833,0.9372172355651855
methodB,polite,16,15,-0.051907699555158615,0.8352846503257751
methodB,polite,16,16,-0.040314555168151855,0.8592846393585205
methodB,polite,16,17,-0.0869399905204773,0.9068349003791809
methodB,polite,16,18,-0.1033167690038681,0.8609412312507629
methodB,polite,16,19,0.009190580807626247,0.8352163434028625
methodB,polite,18,0,0.0,0.0
methodB,polite,18,1,0.0076086875051259995,0.3128410577774048
methodB,polite,18,2,0.04929252341389656,0.24147826433181763
methodB,polite,18,3,0.04555248096585274,0.3001622259616852
methodB,polite,18,4,0.049056366086006165,0.31185171008110046
methodB,polite,18,5,0.03301570564508438,0.5680102109909058
methodB,polite,18,6,0.09058632701635361,0.7669845223426819
methodB,polite,18,7,0.0861828625202179,0.7865900993347168
methodB,polite,18,8,0.09663515537977219,0.8089979290962219
methodB,polite,18,9,0.06960427016019821,0.8848625421524048
methodB,polite,18,10,0.015775473788380623,0.7956023812294006
methodB,polite,18,11,0.07796914875507355,0.8560472130775452
methodB,polite,18,12,0.2545730471611023,0.9933577179908752
methodB,polite,18,13,0.2466605007648468,1.0030663013458252
methodB,polite,18,14,0.348923921585083,1.1678913831710815
methodB,polite,18,15,0.36181172728538513,1.0915414094924927
methodB,polite,18,16,0.31140434741973877,0.976568877696991
methodB,polite,18,17,0.2576828896999359,1.0312910079956055
methodB,polite,18,18,0.21917425096035004,0.900333046913147
methodB,polite,18,19,0.2135688066482544,0.9266409873962402
methodB,polite,19,0,0.0,0.0
methodB,polite,19,1,0.07796289026737213,0.27780866622924805
methodB,polite,19,2,0.13782531023025513,0.48267805576324463
methodB,polite,19,3,0.06832905858755112,0.5651513338088989
methodB,polite,19,4,0.04406687989830971,0.5425514578819275
methodB,polite,19,5,0.08714508265256882,0.5184589624404907
methodB,polite,19,6,0.051821257919073105,0.46725109219551086
methodB,polite,19,7,-0.08541814237833023,0.5994629859924316
methodB,polite,19,8,-0.009608607739210129,0.5464212894439697
methodB,polite,19,9,0.05867072194814682,0.6554710268974304
methodB,polite,19,10,0.1737530678510666,0.7948573231697083
methodB,polite,19,11,0.26663291454315186,0.9560711979866028
methodB,polite,19,12,0.27199244499206543,0.9904540181159973
methodB,polite,19,13,0.28432053327560425,1.080991268157959
methodB,polite,19,14,0.3260134160518646,0.8864110112190247
methodB,polite,19,15,0.38227251172065735,0.7868559956550598
methodB,polite,19,16,0.3514440655708313,0.8989793062210083
methodB,polite,19,17,0.2760249078273773,0.8291716575622559
methodB,polite,19,18,0.25036466121673584,0.6885097026824951
methodB,polite,19,19,0.22606772184371948,0.8125739097595215
methodB,polite,2,0,0.0,0.0
methodB,polite,2,1,0.030829623341560364,0.23180635273456573
methodB,polite,2,2,0.05321596562862396,0.3781321346759796
methodB,polite,2,3,0.09221982955932617,0.4477592408657074
methodB,polite,2,4,0.08723244071006775,0.5194101929664612
methodB,polite,2,5,0.016736267134547234,0.5922605395317078
methodB,polite,2,6,0.06484769284725189,0.7380196452140808
methodB,polite,2,7,0.06902211904525757,0.7624508738517761
methodB,polite,2,8,0.07835417985916138,0.7781503200531006
methodB,polite,2,9,0.0734463706612587,0.8147801160812378
methodB,polite,2,10,0.061300456523895264,0.8411078453063965
methodB,polite,2,11,0.03231489658355713,0.7092592716217041
methodB,polite,2,12,-0.01191338337957859,0.6437201499938965
methodB,polite,2,13,-0.018074756488204002,0.5373008847236633
methodB,polite,2,14,-0.06267733871936798,0.5210772156715393
methodB,polite,2,15,-0.034588947892189026,0.5293318629264832
methodB,polite,2,16,-0.012521833181381226,0.5488166213035583
methodB,polite,2,17,-0.03048943541944027,0.49891310930252075
methodB,polite,2,18,-0.04837227240204811,0.5677264928817749
methodB,polite,2,19,0.018522959202528,0.5538981556892395
methodB,polite,21,0,0.0,0.0
methodB,polite,21,1,0.015241244807839394,0.14958377182483673
methodB,polite,21,2,0.040944166481494904,0.22432392835617065
methodB,polite,21,3,0.011993210762739182,0.3062540590763092
methodB,polite,21,4,-0.07272247225046158,0.46405893564224243
methodB,polite,21,5,-0.08232322335243225,0.7123148441314697
methodB,polite,21,6,-0.05978568270802498,0.7386913895606995
methodB,polite,21,7,0.034324146807193756,0.8347371816635132
methodB,polite,21,8,0.06880223006010056,0.773990273475647
methodB,polite,21,9,0.08117879927158356,0.7579960227012634
methodB,polite,21,10,0.1108192428946495,0.7632694840431213
methodB,polite,21,11,0.08994297683238983,0.6357190012931824
methodB,polite,21,12,0.07247254997491837,0.6267282962799072
methodB,polite,21,13,0.0822703167796135,0.6037414073944092
methodB,polite,21,14,0.01114063523709774,0.6079462170600891
methodB,polite,21,15,-0.03240852802991867,0.5409020185470581
methodB,polite,21,16,-0.028831856325268745,0.517803966999054
methodB,polite,21,17,-0.08817365020513535,0.5073080062866211
methodB,polite,21,18,-0.06823193281888962,0.41143137216567993
methodB,polite,21,19,-0.06320053339004517,0.38604170083999634
methodB,polite,22,0,0.0,0.0
methodB,polite,22,1,0.010487871244549751,0.26460933685302734
methodB,polite,22,2,0.061784401535987854,0.3679683804512024
methodB,polite,22,3,0.10590507090091705,0.5296006202697754
methodB,polite,22,4,0.11118409782648087,0.4697236716747284
methodB,polite,22,5,0.04768511652946472,0.4827883243560791
methodB,polite,22,6,0.01232884731143713,0.42658188939094543
methodB,polite,22,7,0.04260927066206932,0.4583987891674042
methodB,polite,22,8,0.053205911070108414,0.4813759922981262
methodB,polite,22,9,0.07797054201364517,0.47715723514556885
methodB,polite,22,10,0.05636085197329521,0.5004561543464661
methodB,polite,22,11,0.087104432284832,0.5006733536720276
methodB,polite,22,12,0.09958278387784958,0.5239625573158264
methodB,polite,22,13,0.11319366842508316,0.5185592174530029
methodB,polite,22,14,0.12159618735313416,0.5413963198661804
methodB,polite,22,15,0.10709729045629501,0.5511116981506348
methodB,polite,22,16,0.05102827399969101,0.5738052725791931
methodB,polite,22,17,0.03303257003426552,0.6580267548561096
methodB,polite,22,18,-0.02499631606042385,0.5445692539215088
methodB,polite,22,19,0.13589952886104584,0.7587670087814331
methodB,polite,23,0,0.0,0.0
methodB,polite,23,1,-0.023957621306180954,0.33189985156059265
methodB,polite,23,2,-0.05482364445924759,0.4792839586734772
methodB,polite,23,3,-0.07459208369255066,0.6169298887252808
methodB,polite,23,4,-0.09324842691421509,0.6644222736358643
methodB,polite,23,5,-0.07789009064435959,0.6683541536331177
methodB,polite,23,6,-0.040150828659534454,0.6383661031723022
methodB,polite,23,7,-0.06109112501144409,0.7424015402793884
methodB,polite,23,8,-0.03290003538131714,0.7925064563751221
methodB,polite,23,9,-0.0775681659579277,0.7463423609733582
methodB,polite,23,10,-0.04985892027616501,0.6886670589447021
methodB,polite,23,11,-0.03878714516758919,0.7604109048843384
methodB,polite,23,12,0.026714203879237175,0.9114760160446167
methodB,polite,23,13,0.12942634522914886,0.9833385348320007
methodB,polite,23,14,0.08586154133081436,0.856713593006134
methodB,polite,23,15,-0.023664604872465134,0.7907509803771973
methodB,polite,23,16,-0.006771499291062355,0.990607738494873
methodB,polite,23,17,-0.02776220254600048,0.9486758708953857
methodB,polite,23,18,-0.03699527680873871,0.829116702079773
methodB,polite,23,19,-0.02022087760269642,0.8580979108810425
methodB,polite,24,0,0.0,0.0
methodB,polite,24,1,0.005688146222382784,0.1717703640460968
methodB,polite,24,2,0.004303568508476019,0.25350239872932434
methodB,polite,24,3,0.03654371574521065,0.3350439965724945
methodB,polite,24,4,0.07291711866855621,0.40656808018684387
methodB,polite,24,5,0.09950711578130722,0.49918490648269653
methodB,polite,24,6,0.11514266580343246,0.5673302412033081
methodB,polite,24,7,0.14269202947616577,0.5895903706550598
methodB,polite,24,8,0.13039539754390717,0.6131889820098877
methodB,polite,24,9,0.1651061773300171,0.6418973207473755
methodB,polite,24,10,0.2159198522567749,0.6970749497413635
methodB,polite,24,11,0.26759853959083557,0.8733925223350525
methodB,polite,24,12,0.24601787328720093,0.8773857355117798
methodB,polite,24,13,0.2783556282520294,0.7858136892318726
methodB,polite,24,14,0.3003667891025543,0.7925101518630981
methodB,polite,24,15,0.2641052007675171,0.8773682117462158
methodB,polite,24,16,0.32506969571113586,0.9454832673072815
methodB,polite,24,17,0.30483177304267883,0.9755079746246338
methodB,polite,24,18,0.12909437716007233,0.9932019114494324
methodB,polite,24,19,0.1026139110326767,1.0278522968292236
methodB,polite,25,0,0.0,0.0
methodB,polite,25,1,0.004553531296551228,0.34257999062538147
methodB,polite,25,2,0.0001627216988708824,0.3735226094722748
methodB,polite,25,3,0.01694234274327755,0.352990061044693
methodB,polite,25,4,0.009535303339362144,0.38875994086265564
methodB,polite,25,5,-0.012837356887757778,0.37850287556648254
methodB,polite,25,6,-0.047564975917339325,0.3827132284641266
methodB,polite,25,7,-0.055137548595666885,0.4220212996006012
methodB,polite,25,8,-0.034841302782297134,0.4053492844104767
methodB,polite,25,9,0.017385290935635567,0.40064358711242676
methodB,polite,25,10,0.04314016178250313,0.3950575292110443
methodB,polite,25,11,0.0617278590798378,0.41759565472602844
methodB,polite,25,12,0.06707781553268433,0.4815909266471863
methodB,polite,25,13,0.06830241531133652,0.49906259775161743
methodB,polite,25,14,0.06040186807513237,0.5476576089859009
methodB,polite,25,15,0.11387281864881516,0.5648783445358276
methodB,polite,25,16,0.15529876947402954,0.5664843916893005
methodB,polite,25,17,0.13040626049041748,0.5759740471839905
methodB,polite,25,18,0.11435645073652267,0.598213791847229
methodB,polite,25,19,0.0194802638143301,0.7167701125144958
methodB,polite,26,0,0.0,0.0
methodB,polite,26,1,0.054510194808244705,0.38021618127822876
methodB,polite,26,2,0.09625288844108582,0.3703424036502838
methodB,polite,26,3,0.09092897921800613,0.41478532552719116
methodB,polite,26,4,0.13237512111663818,0.44986236095428467
methodB,polite,26,5,0.16341474652290344,0.5206756591796875
methodB,polite,26,6,0.1847589612007141,0.6110074520111084
methodB,polite,26,7,0.1763652265071869,0.7122315764427185
methodB,polite,26,8,0.12408540397882462,0.7256452441215515
methodB,polite,26,9,0.11589828133583069,0.718047559261322
methodB,polite,26,10,0.06912057846784592,0.8383970260620117
methodB,polite,26,11,0.11842206120491028,0.7539016008377075
methodB,polite,26,12,0.23322318494319916,0.7293006777763367
methodB,polite,26,13,0.21087752282619476,0.7105294466018677
methodB,polite,26,14,0.32145243883132935,0.9565860629081726
methodB,polite,26,15,0.4395037293434143,1.0057839155197144
methodB,polite,26,16,0.43676814436912537,1.0137667655944824
methodB,polite,26,17,0.4707053005695343,0.9497491717338562
methodB,polite,26,18,0.4944721758365631,0.9954280853271484
methodB,polite,26,19,0.40335020422935486,1.0325710773468018
methodB,polite,27,0,0.0,0.0
methodB,polite,27,1,-0.04781424626708031,0.2228570431470871
methodB,polite,27,2,-0.052057329565286636,0.2933449447154999
methodB,polite,27,3,-0.06281352043151855,0.6304465532302856
methodB,polite,27,4,-0.048881836235523224,0.7317237854003906
methodB,polite,27,5,-0.037861261516809464,0.6358867287635803
methodB,polite,27,6,-0.0097925690934062,0.6026588082313538
methodB,polite,27,7,0.024378720670938492,0.5841980576515198
methodB,polite,27,8,0.02310246229171753,0.5228965282440186
methodB,polite,27,9,-0.0009127410594373941,0.46858957409858704
methodB,polite,27,10,0.03641423210501671,0.4807426929473877
methodB,polite,27,11,0.07512126863002777,0.6543237566947937
methodB,polite,27,12,0.024164292961359024,0.674770176410675
methodB,polite,27,13,0.06389421224594116,0.57893967628479
methodB,polite,27,14,0.10907405614852905,0.6205759048461914
methodB,polite,27,15,0.17345747351646423,0.6949214935302734
methodB,polite,27,16,0.18139322102069855,0.6890692710876465
methodB,polite,27,17,0.17179720103740692,0.745887279510498
methodB,polite,27,18,0.22962728142738342,0.8824073076248169
methodB,polite,27,19,0.18823105096817017,0.7841838598251343
methodB,polite,28,0,0.0,0.0
methodB,polite,28,1,0.012199732474982738,0.36490052938461304
methodB,polite,28,2,0.017249150201678276,0.3745913803577423
methodB,polite,28,3,0.013867962174117565,0.4220926761627197
methodB,polite,28,4,-0.007284883409738541,0.46309420466423035
methodB,polite,28,5,-0.018260084092617035,0.49809494614601135
methodB,polite,28,6,-0.022859850898385048,0.44925323128700256
methodB,polite,28,7,-0.030735887587070465,0.49003127217292786
methodB,polite,28,8,-0.03941270336508751,0.6011602878570557
methodB,polite,28,9,-0.0223013274371624,0.6745418310165405
methodB,polite,28,10,-0.026250973343849182,0.7299940586090088
methodB,polite,28,11,-0.021866505965590477,0.7569519281387329
methodB,polite,28,12,-0.01539714727550745,0.6839644908905029
methodB,polite,28,13,0.018873490393161774,0.7115083932876587
methodB,polite,28,14,-0.017894793301820755,0.745194673538208
methodB,polite,28,15,-0.0494706854224205,0.7617023587226868
methodB,polite,28,16,-0.07182308286428452,0.6652607321739197
methodB,polite,28,17,-0.11096885055303574,0.7442792654037476
methodB,polite,28,18,-0.12940236926078796,0.6977691650390625
methodB,polite,28,19,-0.10953279584646225,0.6798223853111267
methodB,polite,29,0,0.0,0.0
methodB,polite,29,1,-0.026823580265045166,0.2571576237678528
methodB,polite,29,2,-0.016892295330762863,0.35461223125457764
methodB,polite,29,3,0.03808259591460228,0.5316330790519714
methodB,polite,29,4,0.10436368733644485,0.6901960372924805
methodB,polite,29,5,0.13879019021987915,0.7090857625007629
methodB,polite,29,6,0.16753314435482025,0.7242286205291748
methodB,polite,29,7,0.17694127559661865,0.8361343145370483
methodB,polite,29,8,0.13291500508785248,0.8827133774757385
methodB,polite,29,9,0.16659902036190033,0.9983566403388977
methodB,polite,29,10,0.22107455134391785,1.0553454160690308
methodB,polite,29,11,0.12101452797651291,1.0908503532409668
methodB,polite,29,12,0.07076346129179001,1.05364191532135
methodB,polite,29,13,0.13025496900081635,1.051405906677246
methodB,polite,29,14,0.324411004781723,1.07791006565094
methodB,polite,29,15,0.3432364761829376,1.171910047531128
methodB,polite,29,16,0.46573498845100403,1.110962986946106
methodB,polite,29,17,0.40290647745132446,1.1156624555587769
methodB,polite,29,18,0.49419543147087097,1.1190415620803833
methodB,polite,29,19,0.36857110261917114,1.1004693508148193
methodB,polite,3,0,0.0,0.0
methodB,polite,3,1,0.08828093856573105,0.35699570178985596
methodB,polite,3,2,0.03546803817152977,0.46069881319999695
methodB,polite,3,3,-0.011896940879523754,0.5985614657402039
methodB,polite,3,4,-0.06455820798873901,0.6731697916984558
methodB,polite,3,5,-0.05723053589463234,0.6791970729827881
methodB,polite,3,6,-0.016864528879523277,0.6972671151161194
methodB,polite,3,7,0.0031833460088819265,0.6946339011192322
methodB,polite,3,8,0.05750901997089386,0.7108284831047058
methodB,polite,3,9,0.03366834670305252,0.7622551321983337
methodB,polite,3,10,0.06077750027179718,0.7659897804260254
methodB,polite,3,11,0.04203150421380997,0.7607096433639526
methodB,polite,3,12,0.08891934156417847,0.6645193696022034
methodB,polite,3,13,0.18105554580688477,0.6674767732620239
methodB,polite,3,14,0.2418496310710907,0.757388710975647
methodB,polite,3,15,0.20533573627471924,0.7247791886329651
methodB,polite,3,16,0.17361941933631897,0.6373907327651978
methodB,polite,3,17,0.12020871788263321,0.6175170540809631
methodB,polite,3,18,0.10904151946306229,0.7703567147254944
methodB,polite,3,19,0.14882215857505798,0.7139947414398193
methodB,polite,30,0,0.0,0.0
methodB,polite,30,1,-0.020137740299105644,0.25737303495407104
methodB,polite,30,2,-0.023924538865685463,0.3992699384689331
methodB,polite,30,3,0.016775259748101234,0.47556421160697937
methodB,polite,30,4,-0.007975052110850811,0.42653393745422363
methodB,polite,30,5,-0.060646116733551025,0.4693828523159027
methodB,polite,30,6,-0.04832880198955536,0.5158377885818481
methodB,polite,30,7,-0.04275350645184517,0.5675159096717834
methodB,polite,30,8,-0.06308344006538391,0.6839793920516968
methodB,polite,30,9,0.010514150373637676,0.6321465373039246
methodB,polite,30,10,-0.031075306236743927,0.8717045187950134
methodB,polite,30,11,0.051480866968631744,0.942758321762085
methodB,polite,30,12,0.11395725607872009,1.0817430019378662
methodB,polite,30,13,0.08772287517786026,1.0954314470291138
methodB,polite,30,14,0.10656753927469254,0.9948936104774475
methodB,polite,30,15,0.1541694700717926,0.9843630194664001
methodB,polite,30,16,0.15098807215690613,1.0135247707366943
methodB,polite,30,17,0.12805236876010895,0.9468454122543335
methodB,polite,30,18,0.08400872349739075,0.8987666964530945
methodB,polite,30,19,0.025610504671931267,0.8376392722129822
methodB,polite,31,0,0.0,0.0
methodB,polite,31,1,0.0001094115650630556,0.21607522666454315
methodB,polite,31,2,0.005212121643126011,0.3901169002056122
methodB,polite,31,3,-0.04711532220244408,0.3523388206958771
methodB,polite,31,4,-0.045818109065294266,0.2885296642780304
methodB,polite,31,5,-0.0367765836417675,0.3907751441001892
methodB,polite,31,6,0.040714364498853683,0.5024402737617493
methodB,polite,31,7,0.055313561111688614,0.5494903922080994
methodB,polite,31,8,-0.06101173907518387,0.6103949546813965
methodB,polite,31,9,-0.17159603536128998,0.7839794158935547
methodB,polite,31,10,-0.15802223980426788,0.7155804634094238
methodB,polite,31,11,-0.12697456777095795,0.6412930488586426
methodB,polite,31,12,-0.10660669207572937,0.7181220650672913
methodB,polite,31,13,-0.09383032470941544,0.765713632106781
methodB,polite,31,14,0.10591232776641846,0.8373571038246155
methodB,polite,31,15,0.17377641797065735,0.828571617603302
methodB,polite,31,16,0.18565815687179565,0.8595138192176819
methodB,polite,31,17,0.143149271607399,0.8210546970367432
methodB,polite,31,18,0.16563355922698975,0.8237584233283997
methodB,polite,31,19,0.2050345093011856,0.8216841220855713
methodB,polite,33,0,0.0,0.0
methodB,polite,33,1,-0.022326389327645302,0.41532185673713684
methodB,polite,33,2,-0.019666798412799835,0.42016980051994324
methodB,polite,33,3,-0.05165436118841171,0.5066627860069275
methodB,polite,33,4,0.02022557333111763,0.4939187467098236
methodB,polite,33,5,0.08597460389137268,0.6694002747535706
methodB,polite,33,6,0.10344362258911133,0.7190858125686646
methodB,polite,33,7,-0.008266354911029339,0.5461098551750183
methodB,polite,33,8,-0.03531603515148163,0.5105453729629517
methodB,polite,33,9,0.022905733436346054,0.5661798715591431
methodB,polite,33,10,0.03891340643167496,0.5645486116409302
methodB,polite,33,11,0.012843068689107895,0.5864112973213196
methodB,polite,33,12,0.10702814161777496,0.6115342974662781
methodB,polite,33,13,0.14122875034809113,0.7300843000411987
methodB,polite,33,14,0.08362278342247009,0.6424307823181152
methodB,polite,33,15,0.18450722098350525,0.7692490816116333
methodB,polite,33,16,0.14238980412483215,0.710742175579071
methodB,polite,33,17,0.17512696981430054,0.8003665804862976
methodB,polite,33,18,0.16594438254833221,0.7150945663452148
methodB,polite,33,19,0.119563989341259,0.7458004355430603
methodB,polite,34,0,0.0,0.0
methodB,polite,34,1,-0.0030289071146398783,0.47350093722343445
methodB,polite,34,2,-0.053848788142204285,0.4980020225048065
methodB,polite,34,3,-0.04644818976521492,0.4159245789051056
methodB,polite,34,4,-0.06565313786268234,0.5270331501960754
methodB,polite,34,5,-0.13693934679031372,0.5866207480430603
methodB,polite,34,6,-0.11486461013555527,0.6208372712135315
methodB,polite,34,7,-0.09074760973453522,0.6344112157821655
methodB,polite,34,8,-0.10270300507545471,0.6234973669052124
methodB,polite,34,9,-0.06813943386077881,0.7209911346435547
methodB,polite,34,10,0.06983989477157593,0.8851187825202942
methodB,polite,34,11,0.028587888926267624,0.8435406684875488
methodB,polite,34,12,0.07799433171749115,0.9229833483695984
methodB,polite,34,13,0.10075424611568451,1.0478821992874146
methodB,polite,34,14,0.11622769385576248,1.0526161193847656
methodB,polite,34,15,0.12067771703004837,1.0477802753448486
methodB,polite,34,16,0.09682386368513107,1.0201767683029175
methodB,polite,34,17,0.043834853917360306,1.0150530338287354
methodB,polite,34,18,0.029563119634985924,0.9768506288528442
methodB,polite,34,19,0.03266175091266632,0.9525526165962219
methodB,polite,35,0,0.0,0.0
methodB,polite,35,1,0.04762524366378784,0.6697120070457458
methodB,polite,35,2,0.028050865978002548,0.744743287563324
methodB,polite,35,3,-0.005901319440454245,0.7946630716323853
methodB,polite,35,4,-0.006554103922098875,0.8117985725402832
methodB,polite,35,5,-0.017168452963232994,0.888635516166687
methodB,polite,35,6,0.08692783862352371,0.9375900030136108
methodB,polite,35,7,0.18162156641483307,0.9677680134773254
methodB,polite,35,8,0.18563103675842285,0.9094729423522949
methodB,polite,35,9,0.1475774496793747,0.7863195538520813
methodB,polite,35,10,0.1986541897058487,0.8621296882629395
methodB,polite,35,11,0.24766072630882263,0.8360035419464111
methodB,polite,35,12,0.20694823563098907,0.9607704877853394
methodB,polite,35,13,0.2367297261953354,0.9663680791854858
methodB,polite,35,14,0.2772020399570465,1.0305500030517578
methodB,polite,35,15,0.2940414249897003,1.023751139640808
methodB,polite,35,16,0.27401185035705566,1.0169721841812134
methodB,polite,35,17,0.24092042446136475,1.0483986139297485
methodB,polite,35,18,0.22063159942626953,1.0555075407028198
methodB,polite,35,19,0.19233408570289612,1.0535868406295776
methodB,polite,36,0,0.0,0.0
methodB,polite,36,1,0.053196392953395844,0.37193629145622253
methodB,polite,36,2,0.056985042989254,0.4196905791759491
methodB,polite,36,3,0.0689099133014679,0.4068927466869354
methodB,polite,36,4,0.02175327204167843,0.4493318200111389
methodB,polite,36,5,0.03352624177932739,0.41774430871009827
methodB,polite,36,6,0.05316544324159622,0.4631933867931366
methodB,polite,36,7,0.03758510947227478,0.49979251623153687
methodB,polite,36,8,0.06821411103010178,0.4868898093700409
methodB,polite,36,9,0.11411484330892563,0.47609028220176697
methodB,polite,36,10,0.1664905548095703,0.5049387812614441
methodB,polite,36,11,0.22490271925926208,0.5931962132453918
methodB,polite,36,12,0.2324686050415039,0.6075612902641296
methodB,polite,36,13,0.22885210812091827,0.6009311079978943
methodB,polite,36,14,0.22467832267284393,0.6342171430587769
methodB,polite,36,15,0.24820172786712646,0.6809185743331909
methodB,polite,36,16,0.22452682256698608,0.6923134922981262
methodB,polite,36,17,0.2108716070652008,0.6942344903945923
methodB,polite,36,18,0.21747812628746033,0.7085388898849487
methodB,polite,36,19,0.2123805582523346,0.7157951593399048
methodB,polite,37,0,0.0,0.0
methodB,polite,37,1,-0.06764428317546844,0.3051488399505615
methodB,polite,37,2,-0.10271907597780228,0.45862576365470886
methodB,polite,37,3,-0.14034493267536163,0.5622090101242065
methodB,polite,37,4,-0.14991162717342377,0.6854663491249084
methodB,polite,37,5,-0.13544608652591705,0.7447598576545715
methodB,polite,37,6,-0.12356840819120407,0.7581993937492371
methodB,polite,37,7,-0.060518164187669754,0.7184612154960632
methodB,polite,37,8,-0.08640037477016449,0.7847063541412354
methodB,polite,37,9,-0.0314868800342083,0.8809530735015869
methodB,polite,37,10,-0.04581394046545029,0.6756055951118469
methodB,polite,37,11,-0.06829839199781418,0.6588783264160156
methodB,polite,37,12,-0.09056518226861954,0.9052354693412781
methodB,polite,37,13,0.06752146780490875,0.9558910727500916
methodB,polite,37,14,0.1547509729862213,0.8100919723510742
methodB,polite,37,15,0.21713265776634216,0.9283355474472046
methodB,polite,37,16,0.32027435302734375,0.9540995359420776
methodB,polite,37,17,0.27683383226394653,0.9444572329521179
methodB,polite,37,18,0.3368849754333496,0.9591330885887146
methodB,polite,37,19,0.3776487708091736,0.990147054195404
methodB,polite,38,0,0.0,0.0
methodB,polite,38,1,-0.07261503487825394,0.350419282913208
methodB,polite,38,2,-0.0278556440025568,0.333030104637146
methodB,polite,38,3,-0.028715083375573158,0.34435024857521057
methodB,polite,38,4,0.0005833024624735117,0.4315200746059418
methodB,polite,38,5,0.016291780397295952,0.497098445892334
methodB,polite,38,6,0.026857955381274223,0.5377265214920044
methodB,polite,38,7,0.012307434342801571,0.5275164246559143
methodB,polite,38,8,0.0060402886010706425,0.5475313663482666
methodB,polite,38,9,0.016039198264479637,0.6153172850608826
methodB,polite,38,10,0.03741439804434776,0.6461096405982971
methodB,polite,38,11,0.10955669730901718,0.7146478295326233
methodB,polite,38,12,0.04507332295179367,0.7445757389068604
methodB,polite,38,13,0.0034784218296408653,1.0336902141571045
methodB,polite,38,14,0.0553506575524807,1.021327257156372
methodB,polite,38,15,0.1333576887845993,0.9282997250556946
methodB,polite,38,16,0.2313794195652008,0.9552329778671265
methodB,polite,38,17,0.2549494802951813,1.019615888595581
methodB,polite,38,18,0.29244348406791687,1.0432052612304688
methodB,polite,38,19,0.25594574213027954,1.0207136869430542
methodB,polite,39,0,0.0,0.0
methodB,polite,39,1,0.02409946359694004,0.1511014997959137
methodB,polite,39,2,0.016074972227215767,0.18956297636032104
methodB,polite,39,3,0.017975516617298126,0.23811101913452148
methodB,polite,39,4,0.006770473439246416,0.30612751841545105
methodB,polite,39,5,0.0005133895901963115,0.3517805337905884
methodB,polite,39,6,0.008143797516822815,0.41278359293937683
methodB,polite,39,7,0.028098611161112785,0.4420950412750244
methodB,polite,39,8,-0.008063474670052528,0.59190434217453
methodB,polite,39,9,0.08897275477647781,0.7331520318984985
methodB,polite,39,10,0.1346845030784607,0.9087859988212585
methodB,polite,39,11,0.21933375298976898,0.9964296817779541
methodB,polite,39,12,0.17653395235538483,0.9860316514968872
methodB,polite,39,13,0.16179664433002472,1.0725092887878418
methodB,polite,39,14,0.17437304556369781,1.1619065999984741
methodB,polite,39,15,0.15695472061634064,1.1550264358520508
methodB,polite,39,16,0.16021005809307098,1.1883537769317627
methodB,polite,39,17,0.16288065910339355,1.2210869789123535
methodB,polite,39,18,0.12970565259456635,1.2082914113998413
methodB,polite,39,19,0.1615397036075592,1.2113887071609497
methodB,polite,4,0,0.0,0.0
methodB,polite,4,1,0.08828093856573105,0.35699570178985596
methodB,polite,4,2,0.03546803817152977,0.46069881319999695
methodB,polite,4,3,-0.011896940879523754,0.5985614657402039
methodB,polite,4,4,-0.06455820798873901,0.6731697916984558
methodB,polite,4,5,-0.05723053589463234,0.6791970729827881
methodB,polite,4,6,-0.016864528879523277,0.6972671151161194
methodB,polite,4,7,0.0031833460088819265,0.6946339011192322
methodB,polite,4,8,0.05750901997089386,0.7108284831047058
methodB,polite,4,9,0.03366834670305252,0.7622551321983337
methodB,polite,4,10,0.06077750027179718,0.7659897804260254
methodB,polite,4,11,0.04203150421380997,0.7607096433639526
methodB,polite,4,12,0.08891934156417847,0.6645193696022034
methodB,polite,4,13,0.18105554580688477,0.6674767732620239
methodB,polite,4,14,0.2418496310710907,0.757388710975647
methodB,polite,4,15,0.20533573627471924,0.7247791886329651
methodB,polite,4,16,0.17361941933631897,0.6373907327651978
methodB,polite,4,17,0.12020871788263321,0.6175170540809631
methodB,polite,4,18,0.10904151946306229,0.7703567147254944
methodB,polite,4,19,0.14882215857505798,0.7139947414398193
methodB,polite,40,0,0.0,0.0
methodB,polite,40,1,-0.013072717934846878,0.6227551102638245
methodB,polite,40,2,-0.08002890646457672,0.7658823132514954
methodB,polite,40,3,-0.03807899355888367,0.7539424896240234
methodB,polite,40,4,-0.04998889937996864,0.6412150263786316
methodB,polite,40,5,-0.08648929744958878,0.7421093583106995
methodB,polite,40,6,-0.012667698785662651,0.7335843443870544
methodB,polite,40,7,-0.046348586678504944,0.780846893787384
methodB,polite,40,8,0.038351863622665405,0.8240082859992981
methodB,polite,40,9,-0.04834023118019104,0.8960936665534973
methodB,polite,40,10,-0.14299483597278595,0.8633617162704468
methodB,polite,40,11,-0.10491533577442169,0.9213168025016785
methodB,polite,40,12,-0.06870178133249283,0.8923736214637756
methodB,polite,40,13,-0.10796507447957993,0.862188458442688
methodB,polite,40,14,-0.023595623672008514,0.9502903819084167
methodB,polite,40,15,0.015432779677212238,1.0140388011932373
methodB,polite,40,16,0.024104593321681023,0.977047860622406
methodB,polite,40,17,0.05946521461009979,0.9951316118240356
methodB,polite,40,18,0.027440890669822693,1.0352115631103516
methodB,polite,40,19,-0.011152996681630611,1.02692711353302
methodB,polite,41,0,0.0,0.0
methodB,polite,41,1,0.003440302796661854,0.14762845635414124
methodB,polite,41,2,0.011359816417098045,0.23714827001094818
methodB,polite,41,3,0.08956997841596603,0.39604678750038147
methodB,polite,41,4,0.10441780090332031,0.460284948348999
methodB,polite,41,5,0.052857935428619385,0.5083410739898682
methodB,polite,41,6,0.12172812968492508,0.5529325604438782
methodB,polite,41,7,0.10046970844268799,0.4909225106239319
methodB,polite,41,8,0.16512274742126465,0.5705379247665405
methodB,polite,41,9,0.21934127807617188,0.8110144734382629
methodB,polite,41,10,0.2288718819618225,0.7965218424797058
methodB,polite,41,11,0.26292937994003296,0.7935967445373535
methodB,polite,41,12,0.22988905012607574,0.7605083584785461
methodB,polite,41,13,0.26758480072021484,0.7591632604598999
methodB,polite,41,14,0.30034440755844116,0.7857091426849365
methodB,polite,41,15,0.3291928768157959,0.7485638856887817
methodB,polite,41,16,0.324282705783844,0.7161111831665039
methodB,polite,41,17,0.353898286819458,0.8054766654968262
methodB,polite,41,18,0.31422147154808044,0.6614713072776794
methodB,polite,41,19,0.30996939539909363,0.6861274838447571
methodB,polite,42,0,0.0,0.0
methodB,polite,42,1,0.009355952963232994,0.1806822419166565
methodB,polite,42,2,0.04444687440991402,0.2389802783727646
methodB,polite,42,3,0.05111909657716751,0.33892935514450073
methodB,polite,42,4,0.06350461393594742,0.4754928648471832
methodB,polite,42,5,0.05760260671377182,0.4709891676902771
methodB,polite,42,6,0.0392221175134182,0.4668356776237488
methodB,polite,42,7,-0.0009931689128279686,0.5962487459182739
methodB,polite,42,8,0.009635379537940025,0.6186442375183105
methodB,polite,42,9,0.021355709061026573,0.5783298015594482
methodB,polite,42,10,0.04081305116415024,0.5820896029472351
methodB,polite,42,11,0.03998083993792534,0.6811484098434448
methodB,polite,42,12,0.06612696498632431,0.7799497842788696
methodB,polite,42,13,0.08546425402164459,0.8840031623840332
methodB,polite,42,14,0.15788686275482178,0.8101879358291626
methodB,polite,42,15,0.13408337533473969,0.7325521111488342
methodB,polite,42,16,0.10618054866790771,0.7613298892974854
methodB,polite,42,17,0.13670091331005096,0.7885904312133789
methodB,polite,42,18,0.17952081561088562,0.839728832244873
methodB,polite,42,19,0.1752835363149643,0.9000416398048401
methodB,polite,43,0,0.0,0.0
methodB,polite,43,1,-0.0016539116622880101,0.3362659811973572
methodB,polite,43,2,0.0148994205519557,0.38393959403038025
methodB,polite,43,3,0.013292517513036728,0.3551707863807678
methodB,polite,43,4,0.007293481379747391,0.3834822177886963
methodB,polite,43,5,0.06879349052906036,0.4302966296672821
methodB,polite,43,6,0.03034464456140995,0.41193926334381104
methodB,polite,43,7,0.013317843899130821,0.6529827117919922
methodB,polite,43,8,0.03869576379656792,0.7104079723358154
methodB,polite,43,9,0.06816545873880386,0.7008308172225952
methodB,polite,43,10,0.026219261810183525,0.6911453604698181
methodB,polite,43,11,0.03045700304210186,0.6982780694961548
methodB,polite,43,12,0.0925566703081131,0.7013603448867798
methodB,polite,43,13,0.14458201825618744,0.6526535749435425
methodB,polite,43,14,0.14770832657814026,0.6232393383979797
methodB,polite,43,15,0.1525457203388214,0.5646264553070068
methodB,polite,43,16,0.147121861577034,0.5531280040740967
methodB,polite,43,17,0.18984729051589966,0.613101601600647
methodB,polite,43,18,0.1953769326210022,0.6135980486869812
methodB,polite,43,19,0.19667507708072662,0.6204270720481873
methodB,polite,45,0,0.0,0.0
methodB,polite,45,1,-0.019254501909017563,0.20518818497657776
methodB,polite,45,2,-0.039583150297403336,0.6546297073364258
methodB,polite,45,3,-0.05148113891482353,0.8586100339889526
methodB,polite,45,4,-0.010912730358541012,0.8169427514076233
methodB,polite,45,5,-0.03244287148118019,0.9063667058944702
methodB,polite,45,6,-0.08418512344360352,0.7790287137031555
methodB,polite,45,7,-0.06940356642007828,0.9217603802680969
methodB,polite,45,8,0.024680813774466515,1.1369132995605469
methodB,polite,45,9,0.03716813027858734,1.1519380807876587
methodB,polite,45,10,0.03161294013261795,1.0867398977279663
methodB,polite,45,11,-0.045667827129364014,1.069373369216919
methodB,polite,45,12,-0.03332831338047981,0.936286211013794
methodB,polite,45,13,-0.011984793469309807,0.8638255000114441
methodB,polite,45,14,-0.06327518075704575,0.8211012482643127
methodB,polite,45,15,-0.03931820020079613,1.0142666101455688
methodB,polite,45,16,-0.004191473592072725,1.2029445171356201
methodB,polite,45,17,-0.025130506604909897,0.8089169859886169
methodB,polite,45,18,0.03084818832576275,0.5034999251365662
methodB,polite,45,19,0.000710042892023921,0.6016374230384827
methodB,polite,47,0,0.0,0.0
methodB,polite,47,1,-0.020402589812874794,0.2636386454105377
methodB,polite,47,2,-0.05288579314947128,0.5907743573188782
methodB,polite,47,3,0.005720286164432764,0.656302273273468
methodB,polite,47,4,0.07194798439741135,0.789853572845459
methodB,polite,47,5,0.10916878283023834,0.9193770289421082
methodB,polite,47,6,0.06563500314950943,0.8077133893966675
methodB,polite,47,7,0.15257300436496735,0.9723756313323975
methodB,polite,47,8,0.14040212333202362,1.202305555343628
methodB,polite,47,9,0.11314721405506134,1.2513806819915771
methodB,polite,47,10,0.15374553203582764,1.3265933990478516
methodB,polite,47,11,0.1452707201242447,1.3581771850585938
methodB,polite,47,12,0.16863563656806946,1.452399492263794
methodB,polite,47,13,0.20123305916786194,1.4304331541061401
methodB,polite,47,14,0.18550196290016174,1.3699450492858887
methodB,polite,47,15,0.13264384865760803,1.1022121906280518
methodB,polite,47,16,0.1714506447315216,1.003237009048462
methodB,polite,47,17,0.08822541683912277,1.0874069929122925
methodB,polite,47,18,0.03953805938363075,1.1773028373718262
methodB,polite,47,19,0.10805491358041763,1.1609610319137573
methodB,polite,49,0,0.0,0.0
methodB,polite,49,1,0.023861393332481384,0.24346043169498444
methodB,polite,49,2,0.004073726013302803,0.3826512396335602
methodB,polite,49,3,-0.01809716410934925,0.5865615010261536
methodB,polite,49,4,-0.005539762321859598,0.6043884754180908
methodB,polite,49,5,-0.02431410737335682,0.6327016353607178
methodB,polite,49,6,-0.01066412590444088,0.6255296468734741
methodB,polite,49,7,-0.032463010400533676,0.5969045758247375
methodB,polite,49,8,-0.03852634131908417,0.616330087184906
methodB,polite,49,9,-0.0300604160875082,0.6586787700653076
methodB,polite,49,10,-0.006025683134794235,0.6162977814674377
methodB,polite,49,11,0.038750533014535904,0.648823618888855
methodB,polite,49,12,0.05852341279387474,0.6759795546531677
methodB,polite,49,13,0.0708034336566925,0.6430920362472534
methodB,polite,49,14,0.03927227109670639,0.6475319862365723
methodB,polite,49,15,0.04923410713672638,0.6384963989257812
methodB,polite,49,16,0.06280837208032608,0.6962182521820068
methodB,polite,49,17,0.06457680463790894,0.741827130317688
methodB,polite,49,18,0.04157942533493042,0.7064276933670044
methodB,polite,49,19,0.030081305652856827,0.7040613889694214
methodB,polite,5,0,0.0,0.0
methodB,polite,5,1,0.036372024565935135,0.3401465117931366
methodB,polite,5,2,0.035079892724752426,0.46529561281204224
methodB,polite,5,3,-0.00787582527846098,0.4565660059452057
methodB,polite,5,4,0.04089571163058281,0.5319362282752991
methodB,polite,5,5,0.0422692634165287,0.5533822178840637
methodB,polite,5,6,0.011570828035473824,0.554980993270874
methodB,polite,5,7,-0.0615762434899807,0.6570248007774353
methodB,polite,5,8,-0.0697237178683281,0.5899317264556885
methodB,polite,5,9,0.0217500701546669,0.5596439242362976
methodB,polite,5,10,0.009184303693473339,0.5678536295890808
methodB,polite,5,11,-0.029290517792105675,0.7016362547874451
methodB,polite,5,12,0.0009411307401023805,0.6528069972991943
methodB,polite,5,13,-0.008101924322545528,0.6293296813964844
methodB,polite,5,14,0.0778689980506897,0.7580021023750305
methodB,polite,5,15,0.04444541037082672,0.7278029322624207
methodB,polite,5,16,0.031788475811481476,0.6910656690597534
methodB,polite,5,17,0.02809140644967556,0.6259359121322632
methodB,polite,5,18,0.0008182049496099353,0.6138167977333069
methodB,polite,5,19,-0.04480135813355446,0.6374743580818176
methodB,polite,6,0,0.0,0.0
methodB,polite,6,1,-0.08080438524484634,0.3802841305732727
methodB,polite,6,2,-0.1250862032175064,0.5027503967285156
methodB,polite,6,3,-0.15862704813480377,0.5923975110054016
methodB,polite,6,4,-0.019768210127949715,0.663085401058197
methodB,polite,6,5,-0.11393000185489655,0.7364544868469238
methodB,polite,6,6,-0.011360809206962585,0.6870594620704651
methodB,polite,6,7,-0.007763902191072702,0.6291992664337158
methodB,polite,6,8,0.01851801574230194,0.6282407641410828
methodB,polite,6,9,0.036575205624103546,0.6167405843734741
methodB,polite,6,10,-0.01129186525940895,0.613795280456543
methodB,polite,6,11,0.0037567303515970707,0.6539598703384399
methodB,polite,6,12,-0.023524481803178787,0.6049651503562927
methodB,polite,6,13,-0.018429389223456383,0.6333498358726501
methodB,polite,6,14,-0.02820468321442604,0.6143760085105896
methodB,polite,6,15,-0.04816504940390587,0.5868250727653503
methodB,polite,6,16,-0.08604064583778381,0.618773877620697
methodB,polite,6,17,-0.057412851601839066,0.5581297874450684
methodB,polite,6,18,-0.039759762585163116,0.5080441236495972
methodB,polite,6,19,0.036583106964826584,0.5261415839195251
methodB,polite,7,0,0.0,0.0
methodB,polite,7,1,0.08028910309076309,0.24683068692684174
methodB,polite,7,2,0.10633734613656998,0.4358132779598236
methodB,polite,7,3,0.3963705003261566,0.909602165222168
methodB,polite,7,4,0.4503214657306671,0.9679960012435913
methodB,polite,7,5,0.3840312957763672,0.9503009915351868
methodB,polite,7,6,0.4746188819408417,1.0234838724136353
methodB,polite,7,7,0.4402514398097992,1.0409631729125977
methodB,polite,7,8,0.24306738376617432,1.0197054147720337
methodB,polite,7,9,0.45276424288749695,0.9895825982093811
methodB,polite,7,10,0.2585723400115967,0.9548885822296143
methodB,polite,7,11,0.28564321994781494,0.8624433875083923
methodB,polite,7,12,0.23256759345531464,0.8392394185066223
methodB,polite,7,13,0.24206314980983734,0.8063365817070007
methodB,polite,7,14,0.3245232403278351,0.8594413995742798
methodB,polite,7,15,0.35056862235069275,0.9067189693450928
methodB,polite,7,16,0.24394789338111877,0.9271206855773926
methodB,polite,7,17,0.2666775584220886,0.96469646692276
methodB,polite,7,18,0.27949821949005127,1.012285828590393
methodB,polite,7,19,0.297833114862442,1.0583140850067139
methodB,polite,8,0,0.0,0.0
methodB,polite,8,1,0.04150823876261711,0.29833006858825684
methodB,polite,8,2,0.017680443823337555,0.21151700615882874
methodB,polite,8,3,-0.010202315635979176,0.29856768250465393
methodB,polite,8,4,0.05309412628412247,0.3565031588077545
methodB,polite,8,5,0.06621616333723068,0.37359362840652466
methodB,polite,8,6,0.09566298127174377,0.6510503888130188
methodB,polite,8,7,0.11208218336105347,0.7625553607940674
methodB,polite,8,8,0.10409261286258698,0.6262094378471375
methodB,polite,8,9,0.1340515911579132,0.5371774435043335
methodB,polite,8,10,0.09768623113632202,0.48412781953811646
methodB,polite,8,11,0.08952118456363678,0.49567705392837524
methodB,polite,8,12,0.08484673500061035,0.4825182259082794
methodB,polite,8,13,0.11282236129045486,0.5861251354217529
methodB,polite,8,14,0.10151097923517227,0.45052286982536316
methodB,polite,8,15,0.109398253262043,0.49276286363601685
methodB,polite,8,16,0.08448139578104019,0.5213647484779358
methodB,polite,8,17,0.10779529809951782,0.47324949502944946
methodB,polite,8,18,0.0932675302028656,0.5463311076164246
methodB,polite,8,19,0.09206516295671463,0.5628888010978699
methodB,polite,9,0,0.0,0.0
methodB,polite,9,1,-0.057107917964458466,0.2601739764213562
methodB,polite,9,2,-0.07328483462333679,0.46988168358802795
methodB,polite,9,3,0.002291150623932481,0.5086970925331116
methodB,polite,9,4,0.0742575004696846,0.6324416995048523
methodB,polite,9,5,0.11135300248861313,0.7834254503250122
methodB,polite,9,6,0.11371349543333054,0.8159703016281128
methodB,polite,9,7,0.0764082744717598,0.901416003704071
methodB,polite,9,8,0.1400584727525711,0.7964810729026794
methodB,polite,9,9,0.2496667057275772,0.9436135292053223
methodB,polite,9,10,0.30015257000923157,0.904296875
methodB,polite,9,11,0.36518359184265137,0.9909942150115967
methodB,polite,9,12,0.39693260192871094,0.9742468595504761
methodB,polite,9,13,0.4363134801387787,0.9709954261779785
methodB,polite,9,14,0.4801526963710785,0.9763780832290649
methodB,polite,9,15,0.43377840518951416,0.9617039561271667
methodB,polite,9,16,0.4424550533294678,1.0108014345169067
methodB,polite,9,17,0.38634154200553894,0.9785820841789246
methodB,polite,9,18,0.38322100043296814,0.9700198769569397
methodB,polite,9,19,0.40081116557121277,0.9843173623085022
methodB,truesmile,0,0,0.0,0.0
methodB,truesmile,0,1,0.04989365115761757,0.614798903465271
methodB,truesmile,0,2,0.11508553475141525,0.8035820722579956
methodB,truesmile,0,3,0.12184211611747742,0.994409441947937
methodB,truesmile,0,4,0.14781519770622253,0.9888039827346802
methodB,truesmile,0,5,0.20828017592430115,1.1209957599639893
methodB,truesmile,0,6,0.21871812641620636,1.1865921020507812
methodB,truesmile,0,7,0.23280401527881622,1.232226848602295
methodB,truesmile,0,8,0.28615671396255493,1.264924168586731
methodB,truesmile,0,9,0.32110595703125,1.3208388090133667
methodB,truesmile,0,10,0.3159307837486267,1.3515186309814453
methodB,truesmile,0,11,0.31178244948387146,1.3932428359985352
methodB,truesmile,0,12,0.2730367183685303,1.3697694540023804
methodB,truesmile,0,13,0.3103686571121216,1.3295408487319946
methodB,truesmile,0,14,0.27705880999565125,1.3437682390213013
methodB,truesmile,0,15,0.28276941180229187,1.326812982559204
methodB,truesmile,0,16,0.2841193675994873,1.3430981636047363
methodB,truesmile,0,17,0.3296169936656952,1.3927732706069946
methodB,truesmile,0,18,0.40212827920913696,1.338686227798462
methodB,truesmile,0,19,0.41417720913887024,1.3342169523239136
methodB,truesmile,1,0,0.0,0.0
methodB,truesmile,1,1,0.053370483219623566,0.73454350233078
methodB,truesmile,1,2,-0.0331183485686779,0.9958568215370178
methodB,truesmile,1,3,0.19903099536895752,0.9241243600845337
methodB,truesmile,1,4,0.09151092171669006,1.1600028276443481
methodB,truesmile,1,5,0.14977507293224335,1.138967752456665
methodB,truesmile,1,6,0.1760624647140503,1.1543889045715332
methodB,truesmile,1,7,0.2908231317996979,1.073075771331787
methodB,truesmile,1,8,0.271665096282959,1.0921339988708496
methodB,truesmile,1,9,0.3214890956878662,1.1276097297668457
methodB,truesmile,1,10,0.39412397146224976,1.0841833353042603
methodB,truesmile,1,11,0.36298084259033203,1.0993967056274414
methodB,truesmile,1,12,0.3795076310634613,1.0213823318481445
methodB,truesmile,1,13,0.3458959460258484,1.0135891437530518
methodB,truesmile,1,14,0.30750006437301636,1.031115174293518
methodB,truesmile,1,15,0.3785456120967865,1.0899187326431274
methodB,truesmile,1,16,0.4059458374977112,0.9974764585494995
methodB,truesmile,1,17,0.573271632194519,1.3008713722229004
methodB,truesmile,1,18,0.2928932309150696,1.0770012140274048
methodB,truesmile,1,19,0.49638843536376953,1.1539287567138672
methodB,truesmile,2,0,0.0,0.0
methodB,truesmile,2,1,0.10353891551494598,0.3625819981098175
methodB,truesmile,2,2,0.1320037543773651,0.5083111524581909
methodB,truesmile,2,3,0.2589467465877533,0.4737444818019867
methodB,truesmile,2,4,0.2981204390525818,0.662158191204071
methodB,truesmile,2,5,0.3396901786327362,0.6503465175628662
methodB,truesmile,2,6,0.4313546419143677,0.6170185804367065
methodB,truesmile,2,7,0.42236483097076416,0.6044063568115234
methodB,truesmile,2,8,0.4383601248264313,0.6405262351036072
methodB,truesmile,2,9,0.4665989875793457,0.5249314308166504
methodB,truesmile,2,10,0.451984167098999,0.5694369673728943
methodB,truesmile,2,11,0.5106706023216248,0.47119590640068054
methodB,truesmile,2,12,0.5489646196365356,0.5316594839096069
methodB,truesmile,2,13,0.6309082508087158,0.5946176648139954
methodB,truesmile,2,14,0.7250755429267883,0.6476753950119019
methodB,truesmile,2,15,0.7039289474487305,0.6622793078422546
methodB,truesmile,2,16,0.6869176030158997,0.6482244729995728
methodB,truesmile,2,17,0.7678607702255249,0.5666722059249878
methodB,truesmile,2,18,0.8379254341125488,0.5969474911689758
methodB,truesmile,2,19,1.0,2.890057260174217e-08
methodB,truesmile,3,0,0.0,0.0
methodB,truesmile,3,1,-0.036675069481134415,0.6418244242668152
methodB,truesmile,3,2,0.015183120034635067,0.826053261756897
methodB,truesmile,3,3,0.07488714903593063,0.9138720631599426
methodB,truesmile,3,4,0.10823731124401093,0.9982158541679382
methodB,truesmile,3,5,0.14043597877025604,1.0401798486709595
methodB,truesmile,3,6,0.12386763840913773,1.0809880495071411
methodB,truesmile,3,7,0.1355939656496048,1.1469416618347168
methodB,truesmile,3,8,0.1544911116361618,1.1551179885864258
methodB,truesmile,3,9,0.16738325357437134,1.2274008989334106
methodB,truesmile,3,10,0.22010473906993866,1.1928107738494873
methodB,truesmile,3,11,0.2141399383544922,1.2105097770690918
methodB,truesmile,3,12,0.2789700925350189,1.2273627519607544
methodB,truesmile,3,13,0.2972201406955719,1.1927849054336548
methodB,truesmile,3,14,0.27813443541526794,1.234142780303955
methodB,truesmile,3,15,0.26079127192497253,1.2269713878631592
methodB,truesmile,3,16,0.29729533195495605,1.2291600704193115
methodB,truesmile,3,17,0.29982277750968933,1.2286938428878784
methodB,truesmile,3,18,0.27838820219039917,1.1911174058914185
methodB,truesmile,3,19,0.25593245029449463,1.2170377969741821
methodB,truesmile,4,0,0.0,0.0
methodB,truesmile,4,1,-0.009975753724575043,0.5793033838272095
methodB,truesmile,4,2,0.029881710186600685,0.8048970103263855
methodB,truesmile,4,3,0.25444480776786804,1.297655701637268
methodB,truesmile,4,4,0.3335622251033783,1.35459303855896
methodB,truesmile,4,5,0.3923557996749878,1.4164592027664185
methodB,truesmile,4,6,0.4139556288719177,1.4408538341522217
methodB,truesmile,4,7,0.43599817156791687,1.4287209510803223
methodB,truesmile,4,8,0.5193800926208496,1.4372519254684448
methodB,truesmile,4,9,0.4238067865371704,1.3306437730789185
methodB,truesmile,4,10,0.47206026315689087,1.3102456331253052
methodB,truesmile,4,11,0.4314233660697937,1.3343300819396973
methodB,truesmile,4,12,0.36413493752479553,1.300113558769226
methodB,truesmile,4,13,0.4138145446777344,1.3301894664764404
methodB,truesmile,4,14,0.45306041836738586,1.3243447542190552
methodB,truesmile,4,15,0.4374876618385315,1.302756667137146
methodB,truesmile,4,16,0.48235806822776794,1.2818074226379395
methodB,truesmile,4,17,0.48752546310424805,1.216233730316162
methodB,truesmile,4,18,0.39387524127960205,1.2034772634506226
methodB,truesmile,4,19,0.3624160885810852,1.2237204313278198
methodB,truesmile,5,0,0.0,0.0
methodB,truesmile,5,1,-0.044437143951654434,0.7986696362495422
methodB,truesmile,5,2,-0.037664033472537994,1.0261200666427612
methodB,truesmile,5,3,-0.05687187612056732,1.0055724382400513
methodB,truesmile,5,4,-0.10905393213033676,1.0572397708892822
methodB,truesmile,5,5,-0.1170266792178154,1.0505061149597168
methodB,truesmile,5,6,-0.17503929138183594,1.0912728309631348
methodB,truesmile,5,7,-0.06924562901258469,1.1256701946258545
methodB,truesmile,5,8,-0.03755965828895569,1.1826188564300537
methodB,truesmile,5,9,-0.006443938706070185,1.1146496534347534
methodB,truesmile,5,10,-0.06808626651763916,1.0634803771972656
methodB,truesmile,5,11,-0.07945526391267776,1.0428105592727661
methodB,truesmile,5,12,-0.058920178562402725,1.1086087226867676
methodB,truesmile,5,13,-0.10363579541444778,1.226925015449524
methodB,truesmile,5,14,-0.03813095763325691,1.3014450073242188
methodB,truesmile,5,15,-0.04522762447595596,1.3168758153915405
methodB,truesmile,5,16,0.015328309498727322,1.3872178792953491
methodB,truesmile,5,17,0.0054203602485358715,1.313230037689209
methodB,truesmile,5,18,0.07498352974653244,1.1751368045806885
methodB,truesmile,5,19,0.16005228459835052,1.117581844329834
methodB,ambiguous,0,0,0.0,0.0
methodB,ambiguous,0,1,0.0037963413633406162,0.20781563222408295
methodB,ambiguous,0,2,-0.007535031996667385,0.22310417890548706
methodB,ambiguous,0,3,-0.016926757991313934,0.20298577845096588
methodB,ambiguous,0,4,-0.04398004338145256,0.267038494348526
methodB,ambiguous,0,5,-0.0014811079017817974,0.4067700207233429
methodB,ambiguous,0,6,0.016399307176470757,0.5825909972190857
methodB,ambiguous,0,7,0.08740053325891495,0.7312397956848145
methodB,ambiguous,0,8,0.173225536942482,0.7877304553985596
methodB,ambiguous,0,9,0.20619311928749084,0.8198408484458923
methodB,ambiguous,0,10,0.20985500514507294,0.817208468914032
methodB,ambiguous,0,11,0.201864555478096,0.8641062378883362
methodB,ambiguous,0,12,0.15563800930976868,0.8552618026733398
methodB,ambiguous,0,13,0.13664868474006653,0.8234822154045105
methodB,ambiguous,0,14,0.16965363919734955,0.8105219006538391
methodB,ambiguous,0,15,0.1604287177324295,0.8055099844932556
methodB,ambiguous,0,16,0.1857975572347641,0.8323776721954346
methodB,ambiguous,0,17,0.21305571496486664,0.8181062340736389
methodB,ambiguous,0,18,0.23941919207572937,0.8111198544502258
methodB,ambiguous,0,19,0.2066849172115326,0.7485390305519104
methodB,ambiguous,1,0,0.0,0.0
methodB,ambiguous,1,1,0.008542042225599289,0.2405044436454773
methodB,ambiguous,1,2,0.0027881599962711334,0.5129832029342651
methodB,ambiguous,1,3,0.001452306634746492,0.5172123312950134
methodB,ambiguous,1,4,0.019193412736058235,0.577887773513794
methodB,ambiguous,1,5,0.05614398047327995,0.6197178959846497
methodB,ambiguous,1,6,0.1772567182779312,0.7149040102958679
methodB,ambiguous,1,7,0.22933398187160492,0.7100726366043091
methodB,ambiguous,1,8,0.2755296528339386,0.8721960783004761
methodB,ambiguous,1,9,0.27275002002716064,1.0278844833374023
methodB,ambiguous,1,10,0.33584222197532654,1.0875636339187622
methodB,ambiguous,1,11,0.3834872543811798,1.1633596420288086
methodB,ambiguous,1,12,0.3505629003047943,1.1902928352355957
methodB,ambiguous,1,13,0.3519493043422699,1.1492342948913574
methodB,ambiguous,1,14,0.28697124123573303,1.1601755619049072
methodB,ambiguous,1,15,0.30598607659339905,1.1679866313934326
methodB,ambiguous,1,16,0.279928058385849,1.1832430362701416
methodB,ambiguous,1,17,0.26009601354599,1.0768698453903198
methodB,ambiguous,1,18,0.300531268119812,1.0797638893127441
methodB,ambiguous,1,19,0.3180086016654968,1.113311767578125
methodB,ambiguous,10,0,0.0,0.0
methodB,ambiguous,10,1,0.02514946274459362,0.3271403908729553
methodB,ambiguous,10,2,0.055796973407268524,0.7208975553512573
methodB,ambiguous,10,3,0.18357354402542114,0.9445742964744568
methodB,ambiguous,10,4,0.1847260296344757,1.1794766187667847
methodB,ambiguous,10,5,0.19918744266033173,1.193334698677063
methodB,ambiguous,10,6,0.19342344999313354,1.1800869703292847
methodB,ambiguous,10,7,0.24404193460941315,1.1444512605667114
methodB,ambiguous,10,8,0.2185872495174408,1.1587867736816406
methodB,ambiguous,10,9,0.2356225848197937,1.1466789245605469
methodB,ambiguous,10,10,0.22064808011054993,1.1257604360580444
methodB,ambiguous,10,11,0.203017458319664,1.0932632684707642
methodB,ambiguous,10,12,0.17268690466880798,1.0673421621322632
methodB,ambiguous,10,13,0.12815015017986298,1.0468100309371948
methodB,ambiguous,10,14,0.10727360844612122,1.0090043544769287
methodB,ambiguous,10,15,0.10948033630847931,0.9979898929595947
methodB,ambiguous,10,16,0.10299180448055267,0.9662456512451172
methodB,ambiguous,10,17,0.07703971117734909,0.9634562134742737
methodB,ambiguous,10,18,0.05891866609454155,0.9762181043624878
methodB,ambiguous,10,19,0.05057196319103241,0.9540627598762512
methodB,ambiguous,11,0,0.0,0.0
methodB,ambiguous,11,1,0.0753171443939209,0.38723811507225037
methodB,ambiguous,11,2,-0.0091469194740057,0.400427907705307
methodB,ambiguous,11,3,0.0358121283352375,0.3776979446411133
methodB,ambiguous,11,4,0.009710636921226978,0.47088780999183655
methodB,ambiguous,11,5,-0.025737039744853973,0.6929644346237183
methodB,ambiguous,11,6,0.05576157197356224,0.7788755893707275
methodB,ambiguous,11,7,0.037322912365198135,0.8256271481513977
methodB,ambiguous,11,8,0.05132975056767464,0.8698660135269165
methodB,ambiguous,11,9,0.1581478714942932,0.8163140416145325
methodB,ambiguous,11,10,0.035377539694309235,0.9330857396125793
methodB,ambiguous,11,11,0.16644708812236786,0.9812949299812317
methodB,ambiguous,11,12,0.06341277062892914,1.0787321329116821
methodB,ambiguous,11,13,0.11639907956123352,1.1234264373779297
methodB,ambiguous,11,14,0.05550782382488251,1.0416326522827148
methodB,ambiguous,11,15,0.18769767880439758,0.9986242651939392
methodB,ambiguous,11,16,0.24656353890895844,1.0901119709014893
methodB,ambiguous,11,17,0.2702796459197998,1.095929741859436
methodB,ambiguous,11,18,0.42455723881721497,1.068076252937317
methodB,ambiguous,11,19,0.3621896803379059,1.0880777835845947
methodB,ambiguous,12,0,0.0,0.0
methodB,ambiguous,12,1,0.07638563215732574,0.4165683090686798
methodB,ambiguous,12,2,0.11364119499921799,0.48811787366867065
methodB,ambiguous,12,3,0.1395476907491684,0.5070836544036865
methodB,ambiguous,12,4,0.12599323689937592,0.5967637896537781
methodB,ambiguous,12,5,0.20112785696983337,0.6558385491371155
methodB,ambiguous,12,6,0.42347463965415955,0.7978175282478333
methodB,ambiguous,12,7,0.48287686705589294,0.7797998189926147
methodB,ambiguous,12,8,0.42734313011169434,0.7874626517295837
methodB,ambiguous,12,9,0.40940821170806885,0.789799153804779
methodB,ambiguous,12,10,0.43134549260139465,0.7801570296287537
methodB,ambiguous,12,11,0.37934044003486633,0.7798590064048767
methodB,ambiguous,12,12,0.26211830973625183,0.7968579530715942
methodB,ambiguous,12,13,0.49248257279396057,0.9118384122848511
methodB,ambiguous,12,14,0.4287019670009613,0.9811019897460938
methodB,ambiguous,12,15,0.33627429604530334,1.0219883918762207
methodB,ambiguous,12,16,0.29950353503227234,0.9926348328590393
methodB,ambiguous,12,17,0.26981496810913086,0.9761601686477661
methodB,ambiguous,12,18,0.2998773753643036,0.9612438678741455
methodB,ambiguous,12,19,0.2976175844669342,0.9248728156089783
methodB,ambiguous,14,0,0.0,0.0
methodB,ambiguous,14,1,0.045741498470306396,0.2082425355911255
methodB,ambiguous,14,2,0.09614589810371399,0.35320767760276794
methodB,ambiguous,14,3,0.09775577485561371,0.4142882227897644
methodB,ambiguous,14,4,0.14228180050849915,0.4881826937198639
methodB,ambiguous,14,5,0.17292173206806183,0.5966323018074036
methodB,ambiguous,14,6,0.26074644923210144,0.67405104637146
methodB,ambiguous,14,7,0.4339304268360138,1.1447672843933105
methodB,ambiguous,14,8,0.5152791142463684,1.1389356851577759
methodB,ambiguous,14,9,0.5382866263389587,1.1003774404525757
methodB,ambiguous,14,10,0.4479956030845642,1.1222726106643677
methodB,ambiguous,14,11,0.4213995039463043,1.1508877277374268
methodB,ambiguous,14,12,0.43596598505973816,1.1660218238830566
methodB,ambiguous,14,13,0.40398287773132324,1.1617677211761475
methodB,ambiguous,14,14,0.424065500497818,1.1961778402328491
methodB,ambiguous,14,15,0.4616887867450714,1.1729693412780762
methodB,ambiguous,14,16,0.4911479353904724,1.1592085361480713
methodB,ambiguous,14,17,0.42824500799179077,1.1310995817184448
methodB,ambiguous,14,18,0.37085357308387756,1.1073906421661377
methodB,ambiguous,14,19,0.29627731442451477,1.0749870538711548
methodB,ambiguous,15,0,0.0,0.0
methodB,ambiguous,15,1,0.004338715225458145,0.1995183825492859
methodB,ambiguous,15,2,0.042205192148685455,0.3459284007549286
methodB,ambiguous,15,3,0.01805548556149006,0.5484640002250671
methodB,ambiguous,15,4,0.030501820147037506,0.6288115382194519
methodB,ambiguous,15,5,-0.008452257141470909,0.6877819299697876
methodB,ambiguous,15,6,0.02726151794195175,0.7316704988479614
methodB,ambiguous,15,7,0.06031431630253792,0.6963845491409302
methodB,ambiguous,15,8,0.13897332549095154,0.836663007736206
methodB,ambiguous,15,9,0.07977600395679474,0.8618091940879822
methodB,ambiguous,15,10,0.005641534458845854,0.6807643175125122
methodB,ambiguous,15,11,-0.03269043564796448,0.6231083273887634
methodB,ambiguous,15,12,-0.04233105480670929,0.638481616973877
methodB,ambiguous,15,13,0.021496113389730453,0.6869962215423584
methodB,ambiguous,15,14,0.10920977592468262,0.7241120338439941
methodB,ambiguous,15,15,0.18438531458377838,0.7570840120315552
methodB,ambiguous,15,16,0.19724993407726288,0.8268253207206726
methodB,ambiguous,15,17,0.24674732983112335,0.9145032167434692
methodB,ambiguous,15,18,0.27909883856773376,0.9021084904670715
methodB,ambiguous,15,19,0.3256855905056,0.8915339112281799
methodB,ambiguous,16,0,0.0,0.0
methodB,ambiguous,16,1,0.01268282812088728,0.1636139154434204
methodB,ambiguous,16,2,0.014050964266061783,0.2360781729221344
methodB,ambiguous,16,3,0.0704784169793129,0.32663974165916443
methodB,ambiguous,16,4,0.15716293454170227,0.5973349809646606
methodB,ambiguous,16,5,0.13348254561424255,0.8157469630241394
methodB,ambiguous,16,6,0.22231361269950867,0.8809733390808105
methodB,ambiguous,16,7,0.2610723078250885,0.9121630787849426
methodB,ambiguous,16,8,0.36161836981773376,0.8773003220558167
methodB,ambiguous,16,9,0.31814974546432495,0.8882046937942505
methodB,ambiguous,16,10,0.20916403830051422,0.8479821681976318
methodB,ambiguous,16,11,0.12554489076137543,0.8793419003486633
methodB,ambiguous,16,12,0.05032261833548546,0.8549855351448059
methodB,ambiguous,16,13,0.11251038312911987,0.8992792367935181
methodB,ambiguous,16,14,0.13384784758090973,0.804063081741333
methodB,ambiguous,16,15,0.18763571977615356,0.8759915232658386
methodB,ambiguous,16,16,0.17850466072559357,0.9631253480911255
methodB,ambiguous,16,17,0.15021228790283203,0.9853909015655518
methodB,ambiguous,16,18,0.20528285205364227,0.9441035389900208
methodB,ambiguous,16,19,0.17258693277835846,0.9222811460494995
methodB,ambiguous,17,0,0.0,0.0
methodB,ambiguous,17,1,0.024127846583724022,0.16443732380867004
methodB,ambiguous,17,2,0.03637190908193588,0.24765275418758392
methodB,ambiguous,17,3,0.06234842166304588,0.4293575882911682
methodB,ambiguous,17,4,0.12140906602144241,0.5936607122421265
methodB,ambiguous,17,5,0.19699063897132874,0.6888300180435181
methodB,ambiguous,17,6,0.14389917254447937,0.7132002115249634
methodB,ambiguous,17,7,0.16534675657749176,0.7029637694358826
methodB,ambiguous,17,8,0.16773350536823273,0.7638095617294312
methodB,ambiguous,17,9,0.18175071477890015,0.7883941531181335
methodB,ambiguous,17,10,0.16127006709575653,0.7692946195602417
methodB,ambiguous,17,11,0.20001713931560516,0.7650443911552429
methodB,ambiguous,17,12,0.24207061529159546,0.7858720421791077
methodB,ambiguous,17,13,0.23449181020259857,0.7561289668083191
methodB,ambiguous,17,14,0.2376912236213684,0.6803715825080872
methodB,ambiguous,17,15,0.174649178981781,0.6154042482376099
methodB,ambiguous,17,16,0.19092978537082672,0.6253646016120911
methodB,ambiguous,17,17,0.209527850151062,0.6577218174934387
methodB,ambiguous,17,18,0.2090526819229126,0.6274017095565796
methodB,ambiguous,17,19,0.18339520692825317,0.602652907371521
methodB,ambiguous,18,0,0.0,0.0
methodB,ambiguous,18,1,0.0052952333353459835,0.14585192501544952
methodB,ambiguous,18,2,0.019290387630462646,0.2816842496395111
methodB,ambiguous,18,3,0.02270125038921833,0.4530177712440491
methodB,ambiguous,18,4,-0.024418016895651817,0.6037850379943848
methodB,ambiguous,18,5,0.0957193523645401,0.7656158804893494
methodB,ambiguous,18,6,0.1561214178800583,0.6959669589996338
methodB,ambiguous,18,7,0.23285266757011414,0.7845723628997803
methodB,ambiguous,18,8,0.28194424510002136,0.8451995849609375
methodB,ambiguous,18,9,0.34378185868263245,0.8852561116218567
methodB,ambiguous,18,10,0.3492625951766968,0.9149938225746155
methodB,ambiguous,18,11,0.40250712633132935,0.927878201007843
methodB,ambiguous,18,12,0.38718125224113464,0.9521836042404175
methodB,ambiguous,18,13,0.3966681659221649,0.9626230597496033
methodB,ambiguous,18,14,0.40786564350128174,0.9738634824752808
methodB,ambiguous,18,15,0.4000203013420105,0.9658671021461487
methodB,ambiguous,18,16,0.41445139050483704,0.9939864277839661
methodB,ambiguous,18,17,0.33971330523490906,0.9863349199295044
methodB,ambiguous,18,18,0.28029996156692505,0.9871752858161926
methodB,ambiguous,18,19,0.22347770631313324,0.9768103957176208
methodB,ambiguous,19,0,0.0,0.0
methodB,ambiguous,19,1,-0.06571657955646515,0.6545292139053345
methodB,ambiguous,19,2,-0.08656203746795654,0.6634082198143005
methodB,ambiguous,19,3,-0.08921654522418976,0.5192638635635376
methodB,ambiguous,19,4,-0.01692458614706993,0.5193244218826294
methodB,ambiguous,19,5,0.0560152530670166,0.4725373089313507
methodB,ambiguous,19,6,0.13997508585453033,0.5922704935073853
methodB,ambiguous,19,7,0.09533809125423431,0.6764358282089233
methodB,ambiguous,19,8,0.09350161999464035,0.7406692504882812
methodB,ambiguous,19,9,0.08846663683652878,0.8284690976142883
methodB,ambiguous,19,10,0.10668976604938507,0.8553022742271423
methodB,ambiguous,19,11,0.22850756347179413,0.9162569046020508
methodB,ambiguous,19,12,0.203029602766037,0.9129089117050171
methodB,ambiguous,19,13,0.18349945545196533,0.8830587863922119
methodB,ambiguous,19,14,0.217838853597641,0.9056806564331055
methodB,ambiguous,19,15,0.25387799739837646,0.8603153228759766
methodB,ambiguous,19,16,0.26910489797592163,0.8297672867774963
methodB,ambiguous,19,17,0.34050220251083374,0.865248441696167
methodB,ambiguous,19,18,0.46289345622062683,0.860949695110321
methodB,ambiguous,19,19,0.4218834936618805,0.8635112643241882
methodB,ambiguous,2,0,0.0,0.0
methodB,ambiguous,2,1,-0.09038488566875458,0.36908018589019775
methodB,ambiguous,2,2,-0.2394869476556778,0.8948022127151489
methodB,ambiguous,2,3,-0.13366073369979858,0.9220924377441406
methodB,ambiguous,2,4,0.117141492664814,0.8711713552474976
methodB,ambiguous,2,5,0.2589337229728699,0.897552490234375
methodB,ambiguous,2,6,0.12380270659923553,1.0164670944213867
methodB,ambiguous,2,7,0.09476705640554428,1.1666229963302612
methodB,ambiguous,2,8,0.1295918971300125,1.1676489114761353
methodB,ambiguous,2,9,0.09375428408384323,1.183213233947754
methodB,ambiguous,2,10,0.09636133164167404,1.2785820960998535
methodB,ambiguous,2,11,0.21429437398910522,1.2939605712890625
methodB,ambiguous,2,12,0.3742125928401947,1.2202650308609009
methodB,ambiguous,2,13,0.25465530157089233,1.2202129364013672
methodB,ambiguous,2,14,0.2052336186170578,1.1943917274475098
methodB,ambiguous,2,15,0.23069797456264496,1.1437129974365234
methodB,ambiguous,2,16,0.23784270882606506,1.1756949424743652
methodB,ambiguous,2,17,0.2062385380268097,1.348122477531433
methodB,ambiguous,2,18,0.22992351651191711,1.3064236640930176
methodB,ambiguous,2,19,0.17969276010990143,1.3276666402816772
methodB,ambiguous,21,0,0.0,0.0
methodB,ambiguous,21,1,-0.006768710911273956,0.3470476269721985
methodB,ambiguous,21,2,-0.013937965035438538,0.4741566777229309
methodB,ambiguous,21,3,-0.008824735879898071,0.554481565952301
methodB,ambiguous,21,4,-0.013941283337771893,0.6288368105888367
methodB,ambiguous,21,5,0.025147423148155212,0.6956654191017151
methodB,ambiguous,21,6,0.09538065642118454,0.742781937122345
methodB,ambiguous,21,7,0.20688793063163757,0.8003498315811157
methodB,ambiguous,21,8,0.282694548368454,0.8893089890480042
methodB,ambiguous,21,9,0.32860490679740906,0.8887504935264587
methodB,ambiguous,21,10,0.08563455939292908,1.0204044580459595
methodB,ambiguous,21,11,0.15655210614204407,0.9868713617324829
methodB,ambiguous,21,12,0.11257858574390411,1.0309200286865234
methodB,ambiguous,21,13,0.11528439074754715,1.0702264308929443
methodB,ambiguous,21,14,0.17315790057182312,1.10368013381958
methodB,ambiguous,21,15,0.18631546199321747,1.0881967544555664
methodB,ambiguous,21,16,0.14930802583694458,1.0706912279129028
methodB,ambiguous,21,17,0.12888802587985992,1.0977600812911987
methodB,ambiguous,21,18,0.1543160229921341,1.0629523992538452
methodB,ambiguous,21,19,0.13637283444404602,1.0924876928329468
methodB,ambiguous,22,0,0.0,0.0
methodB,ambiguous,22,1,-0.01907731406390667,0.1699095517396927
methodB,ambiguous,22,2,-0.03919367119669914,0.27159011363983154
methodB,ambiguous,22,3,-0.044915053993463516,0.28458985686302185
methodB,ambiguous,22,4,-0.015111055225133896,0.3298349678516388
methodB,ambiguous,22,5,0.008826754055917263,0.4817356467247009
methodB,ambiguous,22,6,-0.003619352588430047,0.5012711882591248
methodB,ambiguous,22,7,-0.00971163995563984,0.6696920394897461
methodB,ambiguous,22,8,0.031130172312259674,0.5450422763824463
methodB,ambiguous,22,9,0.0313664935529232,0.5028495788574219
methodB,ambiguous,22,10,0.011277953162789345,0.5288218855857849
methodB,ambiguous,22,11,0.009554273448884487,0.5919636487960815
methodB,ambiguous,22,12,0.009386955760419369,0.6342574954032898
methodB,ambiguous,22,13,0.027351370081305504,0.6321684718132019
methodB,ambiguous,22,14,0.045392099767923355,0.6195087432861328
methodB,ambiguous,22,15,0.050539057701826096,0.6400770545005798
methodB,ambiguous,22,16,0.04651089012622833,0.6116200089454651
methodB,ambiguous,22,17,0.024249659851193428,0.598394513130188
methodB,ambiguous,22,18,0.0442991741001606,0.6073786616325378
methodB,ambiguous,22,19,-0.0009501310414634645,0.598042368888855
methodB,ambiguous,23,0,0.0,0.0
methodB,ambiguous,23,1,0.06890934705734253,0.3221668004989624
methodB,ambiguous,23,2,0.11288484185934067,0.4066755175590515
methodB,ambiguous,23,3,0.1460302323102951,0.4513759911060333
methodB,ambiguous,23,4,0.1256144940853119,0.5310148596763611
methodB,ambiguous,23,5,0.15584242343902588,0.5909336805343628
methodB,ambiguous,23,6,0.1696966290473938,0.6401220560073853
methodB,ambiguous,23,7,0.14287984371185303,0.616329550743103
methodB,ambiguous,23,8,0.13527843356132507,0.6137673854827881
methodB,ambiguous,23,9,0.12874288856983185,0.6679019927978516
methodB,ambiguous,23,10,0.10763019323348999,0.6844057440757751
methodB,ambiguous,23,11,0.12439025938510895,0.6754999756813049
methodB,ambiguous,23,12,0.09438491612672806,0.6806030869483948
methodB,ambiguous,23,13,0.08194573223590851,0.6833993196487427
methodB,ambiguous,23,14,0.07850327342748642,0.7273809909820557
methodB,ambiguous,23,15,0.08051212877035141,0.7492285966873169
methodB,ambiguous,23,16,0.071595199406147,0.7425521016120911
methodB,ambiguous,23,17,0.08707049489021301,0.7143531441688538
methodB,ambiguous,23,18,0.10155903548002243,0.7434627413749695
methodB,ambiguous,23,19,0.04788331687450409,0.7594472765922546
methodB,ambiguous,24,0,0.0,0.0
methodB,ambiguous,24,1,0.08099844306707382,0.9297931790351868
methodB,ambiguous,24,2,0.026176059618592262,0.9526576399803162
methodB,ambiguous,24,3,0.05995369330048561,0.9706685543060303
methodB,ambiguous,24,4,0.07567620277404785,0.9775272607803345
methodB,ambiguous,24,5,0.07888790965080261,0.9304368495941162
methodB,ambiguous,24,6,0.03824925422668457,0.9259166121482849
methodB,ambiguous,24,7,0.036904677748680115,1.0279923677444458
methodB,ambiguous,24,8,0.11057981848716736,0.9188117980957031
methodB,ambiguous,24,9,0.11603746563196182,0.9460169076919556
methodB,ambiguous,24,10,0.16423392295837402,0.8940418362617493
methodB,ambiguous,24,11,0.14826112985610962,0.9487295150756836
methodB,ambiguous,24,12,0.1196015402674675,0.9878012537956238
methodB,ambiguous,24,13,0.13355590403079987,1.0301132202148438
methodB,ambiguous,24,14,0.18926218152046204,1.0675930976867676
methodB,ambiguous,24,15,0.18220318853855133,1.0561951398849487
methodB,ambiguous,24,16,0.18290162086486816,1.0422849655151367
methodB,ambiguous,24,17,0.2136027216911316,1.046411156654358
methodB,ambiguous,24,18,0.1680438220500946,1.0960803031921387
methodB,ambiguous,24,19,0.1373780518770218,1.1420581340789795
methodB,ambiguous,25,0,0.0,0.0
methodB,ambiguous,25,1,0.02557980827987194,0.8979602456092834
methodB,ambiguous,25,2,0.034852247685194016,0.9468958973884583
methodB,ambiguous,25,3,0.12016148865222931,1.016681432723999
methodB,ambiguous,25,4,0.09203492105007172,1.0025309324264526
methodB,ambiguous,25,5,0.08150959759950638,1.0361415147781372
methodB,ambiguous,25,6,0.11908471584320068,1.082059383392334
methodB,ambiguous,25,7,0.2110232263803482,1.198991298675537
methodB,ambiguous,25,8,0.28504475951194763,1.3092306852340698
methodB,ambiguous,25,9,0.27079659700393677,1.3371539115905762
methodB,ambiguous,25,10,0.27509286999702454,1.371119737625122
methodB,ambiguous,25,11,0.2492150217294693,1.4045193195343018
methodB,ambiguous,25,12,0.23450957238674164,1.4286905527114868
methodB,ambiguous,25,13,0.24299415946006775,1.4452619552612305
methodB,ambiguous,25,14,0.2720234990119934,1.4090601205825806
methodB,ambiguous,25,15,0.2359388917684555,1.237513542175293
methodB,ambiguous,25,16,0.21120880544185638,1.1696407794952393
methodB,ambiguous,25,17,0.22213993966579437,1.1952612400054932
methodB,ambiguous,25,18,0.20622898638248444,1.2224082946777344
methodB,ambiguous,25,19,0.15934684872627258,1.2152916193008423
methodB,ambiguous,26,0,0.0,0.0
methodB,ambiguous,26,1,0.03835204988718033,0.38293543457984924
methodB,ambiguous,26,2,0.061150629073381424,0.5581226348876953
methodB,ambiguous,26,3,0.2119021862745285,1.0574642419815063
methodB,ambiguous,26,4,0.15440639853477478,1.099172592163086
methodB,ambiguous,26,5,0.1692587435245514,1.0253409147262573
methodB,ambiguous,26,6,0.18069547414779663,1.0213567018508911
methodB,ambiguous,26,7,0.16524983942508698,1.053980827331543
methodB,ambiguous,26,8,0.12481165677309036,0.9909763932228088
methodB,ambiguous,26,9,0.12071336805820465,0.9632723927497864
methodB,ambiguous,26,10,0.09583507478237152,0.9508394598960876
methodB,ambiguous,26,11,0.1216021403670311,0.9750492572784424
methodB,ambiguous,26,12,0.12100622057914734,0.9611411094665527
methodB,ambiguous,26,13,0.14757123589515686,0.9925198554992676
methodB,ambiguous,26,14,0.17376410961151123,0.93185955286026
methodB,ambiguous,26,15,0.14932115375995636,0.853882908821106
methodB,ambiguous,26,16,0.09341941028833389,0.8860796689987183
methodB,ambiguous,26,17,0.032301247119903564,0.8982980251312256
methodB,ambiguous,26,18,0.06252983212471008,0.8891780376434326
methodB,ambiguous,26,19,0.11634410172700882,0.8482331037521362
methodB,ambiguous,27,0,0.0,0.0
methodB,ambiguous,27,1,0.0006723039550706744,0.12197107076644897
methodB,ambiguous,27,2,-0.007691776379942894,0.17733441293239594
methodB,ambiguous,27,3,-0.007744430098682642,0.2555921673774719
methodB,ambiguous,27,4,0.002827097661793232,0.3282621204853058
methodB,ambiguous,27,5,0.020927295088768005,0.3271419405937195
methodB,ambiguous,27,6,0.0712110698223114,0.3421124815940857
methodB,ambiguous,27,7,0.1659267544746399,0.609736442565918
methodB,ambiguous,27,8,0.13515536487102509,0.6692851185798645
methodB,ambiguous,27,9,0.11433350294828415,0.510524332523346
methodB,ambiguous,27,10,0.07264184206724167,0.4391423165798187
methodB,ambiguous,27,11,0.05019024759531021,0.45015910267829895
methodB,ambiguous,27,12,0.0650976374745369,0.44760265946388245
methodB,ambiguous,27,13,0.01463494636118412,0.4502878189086914
methodB,ambiguous,27,14,0.008142827078700066,0.4744614362716675
methodB,ambiguous,27,15,0.045349784195423126,0.49431130290031433
methodB,ambiguous,27,16,-0.004166581202298403,0.554218053817749
methodB,ambiguous,27,17,-0.026807062327861786,0.5370630621910095
methodB,ambiguous,27,18,-0.014952283352613449,0.5433714389801025
methodB,ambiguous,27,19,-0.024225989356637,0.5068808197975159
methodB,ambiguous,28,0,0.0,0.0
methodB,ambiguous,28,1,0.004239806905388832,0.7641963958740234
methodB,ambiguous,28,2,0.04513629525899887,0.8207316994667053
methodB,ambiguous,28,3,0.09956537187099457,0.831070601940155
methodB,ambiguous,28,4,0.13840018212795258,0.7955426573753357
methodB,ambiguous,28,5,0.11605321615934372,0.8224718570709229
methodB,ambiguous,28,6,0.16620439291000366,0.8798097372055054
methodB,ambiguous,28,7,0.19138559699058533,0.874382495880127
methodB,ambiguous,28,8,0.23720651865005493,0.8533686995506287
methodB,ambiguous,28,9,0.28669825196266174,0.8497709631919861
methodB,ambiguous,28,10,0.2913720905780792,0.8603573441505432
methodB,ambiguous,28,11,0.28741082549095154,0.95803302526474
methodB,ambiguous,28,12,0.2753945291042328,0.9004681706428528
methodB,ambiguous,28,13,0.2548483610153198,0.9367581605911255
methodB,ambiguous,28,14,0.24198423326015472,0.8828340768814087
methodB,ambiguous,28,15,0.26344215869903564,0.9709743857383728
methodB,ambiguous,28,16,0.20418483018875122,0.9059706330299377
methodB,ambiguous,28,17,0.18579383194446564,0.9246590733528137
methodB,ambiguous,28,18,0.16225312650203705,0.935799777507782
methodB,ambiguous,28,19,0.13528090715408325,0.7698986530303955
methodB,ambiguous,3,0,0.0,0.0
methodB,ambiguous,3,1,0.11305996030569077,0.40231749415397644
methodB,ambiguous,3,2,0.1656702756881714,0.6299943327903748
methodB,ambiguous,3,3,0.18569684028625488,0.5810399055480957
methodB,ambiguous,3,4,0.1582748144865036,0.6482606530189514
methodB,ambiguous,3,5,0.17114046216011047,0.7490060925483704
methodB,ambiguous,3,6,0.20248956978321075,0.7494760155677795
methodB,ambiguous,3,7,0.2935926914215088,0.6457794904708862
methodB,ambiguous,3,8,0.22848163545131683,0.6339234113693237
methodB,ambiguous,3,9,0.18115907907485962,0.687934160232544
methodB,ambiguous,3,10,0.157375767827034,0.6412471532821655
methodB,ambiguous,3,11,0.18519899249076843,0.6541353464126587
methodB,ambiguous,3,12,0.29483240842819214,0.6774398684501648
methodB,ambiguous,3,13,0.37929296493530273,0.7057365775108337
methodB,ambiguous,3,14,0.3446136713027954,0.7341971397399902
methodB,ambiguous,3,15,0.40637168288230896,0.7625141143798828
methodB,ambiguous,3,16,0.4208047688007355,0.747039258480072
methodB,ambiguous,3,17,0.42453092336654663,0.8530004024505615
methodB,ambiguous,3,18,0.3885214924812317,0.8501579761505127
methodB,ambiguous,3,19,0.34709692001342773,0.7765151858329773
methodB,ambiguous,4,0,0.0,0.0
methodB,ambiguous,4,1,0.016398891806602478,0.21544747054576874
methodB,ambiguous,4,2,0.04356570914387703,0.29306572675704956
methodB,ambiguous,4,3,0.0229483675211668,0.30479052662849426
methodB,ambiguous,4,4,0.08470257371664047,0.4160911440849304
methodB,ambiguous,4,5,0.13139177858829498,0.45854848623275757
methodB,ambiguous,4,6,0.08503387123346329,0.5041501522064209
methodB,ambiguous,4,7,0.1365307718515396,0.5346909761428833
methodB,ambiguous,4,8,0.08480087667703629,0.5895474553108215
methodB,ambiguous,4,9,0.09830676764249802,0.581497311592102
methodB,ambiguous,4,10,0.11555404961109161,0.5113571286201477
methodB,ambiguous,4,11,0.13229523599147797,0.528114914894104
methodB,ambiguous,4,12,0.14027130603790283,0.5639163851737976
methodB,ambiguous,4,13,0.15889222919940948,0.5842409729957581
methodB,ambiguous,4,14,0.16291005909442902,0.6353746652603149
methodB,ambiguous,4,15,0.12462979555130005,0.655311107635498
methodB,ambiguous,4,16,0.11642395704984665,0.6491209268569946
methodB,ambiguous,4,17,0.1043480932712555,0.5833821892738342
methodB,ambiguous,4,18,0.09907245635986328,0.5719758868217468
methodB,ambiguous,4,19,0.1257503777742386,0.575627326965332
methodB,ambiguous,5,0,0.0,0.0
methodB,ambiguous,5,1,0.012142258696258068,0.2683853209018707
methodB,ambiguous,5,2,0.036321528255939484,0.29137122631073
methodB,ambiguous,5,3,0.03128504380583763,0.3229958713054657
methodB,ambiguous,5,4,0.05191424861550331,0.39683622121810913
methodB,ambiguous,5,5,-0.005732683930546045,0.40132349729537964
methodB,ambiguous,5,6,-0.0162542462348938,0.4146890342235565
methodB,ambiguous,5,7,0.04642678052186966,0.4944627583026886
methodB,ambiguous,5,8,0.04385993257164955,0.6864741444587708
methodB,ambiguous,5,9,0.023007476702332497,0.7168541550636292
methodB,ambiguous,5,10,0.06933201104402542,0.7497501969337463
methodB,ambiguous,5,11,0.09678307920694351,0.7785056233406067
methodB,ambiguous,5,12,0.13746921718120575,0.745548665523529
methodB,ambiguous,5,13,0.14819155633449554,0.8344861268997192
methodB,ambiguous,5,14,0.19813860952854156,0.8336374759674072
methodB,ambiguous,5,15,0.14309437572956085,0.8872597813606262
methodB,ambiguous,5,16,0.09664096683263779,0.8468553423881531
methodB,ambiguous,5,17,0.10167348384857178,0.8348903059959412
methodB,ambiguous,5,18,0.08294595777988434,0.8780660629272461
methodB,ambiguous,5,19,0.11358471214771271,0.8656008839607239
methodB,ambiguous,6,0,0.0,0.0
methodB,ambiguous,6,1,0.016472360119223595,0.28253409266471863
methodB,ambiguous,6,2,0.030260462313890457,0.4766156077384949
methodB,ambiguous,6,3,0.05744897201657295,0.6323290467262268
methodB,ambiguous,6,4,0.04621171951293945,0.8320323824882507
methodB,ambiguous,6,5,0.08640483766794205,0.977910041809082
methodB,ambiguous,6,6,0.11287195235490799,0.9121904373168945
methodB,ambiguous,6,7,0.12409117817878723,0.8932996392250061
methodB,ambiguous,6,8,0.19947920739650726,0.94157475233078
methodB,ambiguous,6,9,0.16427147388458252,0.9122329950332642
methodB,ambiguous,6,10,0.1854781210422516,0.8975824117660522
methodB,ambiguous,6,11,0.16170330345630646,0.9518324732780457
methodB,ambiguous,6,12,0.20657692849636078,0.9736854434013367
methodB,ambiguous,6,13,0.1296294629573822,1.067431926727295
methodB,ambiguous,6,14,0.12956012785434723,1.117835521697998
methodB,ambiguous,6,15,0.16620893776416779,1.1987420320510864
methodB,ambiguous,6,16,0.26591911911964417,1.1984453201293945
methodB,ambiguous,6,17,0.3051033914089203,1.2476106882095337
methodB,ambiguous,6,18,0.30503976345062256,1.2527507543563843
methodB,ambiguous,6,19,0.18324583768844604,1.2650964260101318
methodB,ambiguous,7,0,0.0,0.0
methodB,ambiguous,7,1,-0.014290518127381802,0.3451451063156128
methodB,ambiguous,7,2,-0.10830984264612198,0.4731062054634094
methodB,ambiguous,7,3,-0.05689820274710655,0.43802598118782043
methodB,ambiguous,7,4,-0.06616449356079102,0.45796722173690796
methodB,ambiguous,7,5,-0.0704357698559761,0.48454606533050537
methodB,ambiguous,7,6,-0.07052666693925858,0.5430557727813721
methodB,ambiguous,7,7,-0.060912247747182846,0.5725830793380737
methodB,ambiguous,7,8,0.11552202701568604,0.759738028049469
methodB,ambiguous,7,9,0.25460395216941833,0.849794864654541
methodB,ambiguous,7,10,0.2976710796356201,0.888462245464325
methodB,ambiguous,7,11,0.46068719029426575,0.867555558681488
methodB,ambiguous,7,12,0.47977274656295776,0.8774163722991943
methodB,ambiguous,7,13,0.4283621311187744,0.8342640995979309
methodB,ambiguous,7,14,0.2676315903663635,0.9460695385932922
methodB,ambiguous,7,15,0.4024706482887268,0.8429718613624573
methodB,ambiguous,7,16,0.23193912208080292,0.902039110660553
methodB,ambiguous,7,17,0.27139249444007874,0.8465638160705566
methodB,ambiguous,7,18,0.33366256952285767,0.8070982098579407
methodB,ambiguous,7,19,0.35108500719070435,0.7681866884231567
methodB,ambiguous,8,0,0.0,0.0
methodB,ambiguous,8,1,-0.054944608360528946,0.2718583345413208
methodB,ambiguous,8,2,-0.05956299230456352,0.5737329721450806
methodB,ambiguous,8,3,-0.10490760952234268,0.688542902469635
methodB,ambiguous,8,4,-0.01761002279818058,0.738136351108551
methodB,ambiguous,8,5,0.0249785128980875,0.7738237977027893
methodB,ambiguous,8,6,0.01671559177339077,0.7609280347824097
methodB,ambiguous,8,7,0.07034558802843094,0.7894118428230286
methodB,ambiguous,8,8,0.05895989388227463,0.6790143251419067
methodB,ambiguous,8,9,0.10839004814624786,0.6961714625358582
methodB,ambiguous,8,10,0.10134018957614899,0.6441832780838013
methodB,ambiguous,8,11,0.025326581671833992,0.6885591745376587
methodB,ambiguous,8,12,-0.04756597429513931,0.6895524859428406
methodB,ambiguous,8,13,-0.12598231434822083,0.6771586537361145
methodB,ambiguous,8,14,-0.0931263417005539,0.774880051612854
methodB,ambiguous,8,15,0.12988874316215515,0.8378272652626038
methodB,ambiguous,8,16,0.05176381394267082,0.7869669198989868
methodB,ambiguous,8,17,-0.024525383487343788,0.7564197778701782
methodB,ambiguous,8,18,0.03991106152534485,0.775155246257782
methodB,ambiguous,8,19,0.05684925988316536,0.7725671529769897
methodB,ambiguous,9,0,0.0,0.0
methodB,ambiguous,9,1,-0.034570008516311646,0.44701486825942993
methodB,ambiguous,9,2,-0.011058260686695576,0.6028261780738831
methodB,ambiguous,9,3,-0.06334320455789566,0.6955839991569519
methodB,ambiguous,9,4,-0.03651297837495804,0.7507691383361816
methodB,ambiguous,9,5,-0.05380149185657501,0.8373957276344299
methodB,ambiguous,9,6,-0.08990232646465302,0.8932885527610779
methodB,ambiguous,9,7,0.02804606780409813,0.9676862955093384
methodB,ambiguous,9,8,0.02426035888493061,0.9986978769302368
methodB,ambiguous,9,9,0.0657411590218544,0.9587835669517517
methodB,ambiguous,9,10,0.12186975032091141,0.9574515223503113
methodB,ambiguous,9,11,0.14483806490898132,0.96418696641922
methodB,ambiguous,9,12,0.131988525390625,0.9429532289505005
methodB,ambiguous,9,13,0.17572307586669922,0.9988319873809814
methodB,ambiguous,9,14,0.17740704119205475,1.031879186630249
methodB,ambiguous,9,15,0.19948138296604156,1.026689052581787
methodB,ambiguous,9,16,0.19534429907798767,1.0392277240753174
methodB,ambiguous,9,17,0.23346149921417236,1.0166888236999512
methodB,ambiguous,9,18,0.20855095982551575,1.033246636390686
methodB,ambiguous,9,19,0.2941795587539673,1.095154047012329
