"video_filename","total_frames","fps","frame_index_base"
"20250926_part000_start000000s_end000300s.mp4","9000","30","0"
"20250926_part001_start000290s_end000590s.mp4","9000","30","0"
"20250926_part002_start000580s_end000880s.mp4","9000","30","0"
"20250926_part003_start000870s_end001170s.mp4","9000","30","0"
"20250926_part004_start001160s_end001460s.mp4","9000","30","0"
"20250926_part005_start001450s_end001750s.mp4","9000","30","0"
"20250926_part006_start001740s_end002040s.mp4","9000","30","0"
"20250926_part007_start002030s_end002330s.mp4","9000","30","0"
"20250926_part008_start002320s_end002540s.mp4","6605","30","0"
"20251008_part000_start000000s_end000300s.mp4","9000","30","0"
"20251008_part001_start000290s_end000590s.mp4","9000","30","0"
"20251008_part002_start000580s_end000880s.mp4","9000","30","0"
"20251008_part003_start000870s_end000954s.mp4","2523","30","0"
"20251019_part000_start000000s_end000300s.mp4","9000","30","0"
"20251019_part001_start000290s_end000590s.mp4","9000","30","0"
"20251019_part002_start000580s_end000880s.mp4","9000","30","0"
"20251019_part003_start000870s_end001170s.mp4","9000","30","0"
"20251019_part004_start001160s_end001460s.mp4","9000","30","0"
"20251019_part005_start001450s_end001750s.mp4","9000","30","0"
"20251019_part006_start001740s_end001907s.mp4","5013","30","0"
"20251029_part000_start000000s_end000300s.mp4","9000","30","0"
"20251029_part001_start000290s_end000590s.mp4","9000","30","0"
"20251029_part002_start000580s_end000880s.mp4","9000","30","0"
"20251029_part003_start000870s_end001170s.mp4","9000","30","0"
"20251029_part004_start001160s_end001460s.mp4","9000","30","0"
"20251029_part005_start001450s_end001629s.mp4","5361","30","0"
"20251119_part000_start000000s_end000300s.mp4","9000","30","0"
"20251119_part001_start000290s_end000590s.mp4","9000","30","0"
"20251119_part002_start000580s_end000880s.mp4","9000","30","0"
"20251119_part003_start000870s_end001170s.mp4","9000","30","0"
"20251119_part004_start001160s_end001460s.mp4","9000","30","0"
"20251119_part005_start001450s_end001750s.mp4","9000","30","0"
"20251119_part006_start001740s_end001756s.mp4","468","30","0"
"20251224_part000_start000000s_end000300s.MP4","8992","29.97003","0"
"20251224_part001_start000290s_end000590s.MP4","9013","29.97003","0"
"20251224_part002_start000580s_end000880s.MP4","9004","29.97003","0"
"20251224_part003_start000870s_end001170s.MP4","8995","29.97003","0"
"20251224_part004_start001160s_end001460s.MP4","9017","29.97003","0"
"20251224_part005_start001450s_end001750s.MP4","9008","29.97003","0"
"20251224_part006_start001740s_end002040s.MP4","8999","29.97003","0"
"20251224_part007_start002030s_end002330s.MP4","9021","29.97003","0"
"20251224_part008_start002320s_end002620s.MP4","9012","29.97003","0"
"20251224_part009_start002610s_end002860s.MP4","7496","29.97003","0"
"20260107 (1)_part000_start000000s_end000300s.MP4","8992","29.97003","0"
"20260107 (1)_part001_start000290s_end000590s.MP4","9013","29.97003","0"
"20260107 (1)_part002_start000580s_end000880s.MP4","9004","29.97003","0"
"20260107 (1)_part003_start000870s_end001170s.MP4","8995","29.97003","0"
"20260107 (1)_part004_start001160s_end001460s.MP4","9017","29.97003","0"
"20260107 (1)_part005_start001450s_end001587s.MP4","4126","29.97003","0"
"20260107 (2)_part000_start000000s_end000300s.MP4","8992","29.97003","0"
"20260107 (2)_part001_start000290s_end000590s.MP4","9013","29.97003","0"
"20260107 (2)_part002_start000580s_end000880s.MP4","9004","29.97003","0"
"20260107 (2)_part003_start000870s_end001170s.MP4","8995","29.97003","0"
"20260107 (2)_part004_start001160s_end001460s.MP4","9017","29.97003","0"
"20260107 (2)_part005_start001450s_end001750s.MP4","9008","29.97003","0"
"20260107 (2)_part006_start001740s_end002040s.MP4","8999","29.97003","0"
"20260107 (2)_part007_start002030s_end002330s.MP4","9021","29.97003","0"
"20260107 (2)_part008_start002320s_end002620s.MP4","9012","29.97003","0"
"20260107 (2)_part009_start002610s_end002910s.MP4","9003","29.97003","0"
"20260107 (2)_part010_start002900s_end003011s.MP4","3330","29.97003","0"
"20260121 (1)_part000_start000000s_end000300s.MP4","17983","59.94006","0"
"20260121 (1)_part001_start000290s_end000590s.MP4","18025","59.94006","0"
"20260121 (1)_part002_start000580s_end000880s.MP4","18008","59.94006","0"
"20260121 (1)_part003_start000870s_end001028s.MP4","9451","59.94006","0"
"20260121 (2)_part000_start000000s_end000300s.MP4","17983","59.94006","0"
"20260121 (2)_part001_start000290s_end000590s.MP4","18025","59.94006","0"
"20260121 (2)_part002_start000580s_end000880s.MP4","18008","59.94006","0"
"20260121 (2)_part003_start000870s_end001170s.MP4","17990","59.94006","0"
"20260121 (2)_part004_start001160s_end001460s.MP4","18033","59.94006","0"
"20260121 (2)_part005_start001450s_end001730s.MP4","16800","59.94006","0"
"20260128_part000_start000000s_end000300s.MP4","17983","59.94006","0"
"20260128_part001_start000290s_end000590s.MP4","18025","59.94006","0"
"20260128_part002_start000580s_end000880s.MP4","18008","59.94006","0"
"20260128_part003_start000870s_end001170s.MP4","17990","59.94006","0"
"20260128_part004_start001160s_end001460s.MP4","18033","59.94006","0"
"20260128_part005_start001450s_end001549s.MP4","5939","59.94006","0"
"20260430 (1)_part000_start000000s_end000300s.MP4","8992","29.97003","0"
"20260430 (1)_part001_start000290s_end000590s.MP4","9013","29.97003","0"
"20260430 (1)_part002_start000580s_end000880s.MP4","9004","29.97003","0"
"20260430 (1)_part003_start000870s_end001170s.MP4","8995","29.97003","0"
"20260430 (1)_part004_start001160s_end001460s.MP4","9017","29.97003","0"
"20260430 (1)_part005_start001450s_end001750s.MP4","9008","29.97003","0"
"20260430 (1)_part006_start001740s_end002040s.MP4","8999","29.97003","0"
"20260430 (1)_part007_start002030s_end002140s.MP4","3324","29.97003","0"
"20260430 (2)_part000_start000000s_end000300s.MP4","8992","29.97003","0"
"20260430 (2)_part001_start000290s_end000590s.MP4","9013","29.97003","0"
"20260430 (2)_part002_start000580s_end000880s.MP4","9004","29.97003","0"
"20260430 (2)_part003_start000870s_end001170s.MP4","8995","29.97003","0"
"20260430 (2)_part004_start001160s_end001460s.MP4","9017","29.97003","0"
"20260430 (2)_part005_start001450s_end001750s.MP4","9008","29.97003","0"
"20260430 (2)_part006_start001740s_end002040s.MP4","8999","29.97003","0"
"20260430 (2)_part007_start002030s_end002195s.MP4","4972","29.97003","0"
"202611114 (1).MP4","8165","59.94006","0"
"202611114 (2)_part000_start000000s_end000300s.MP4","17983","59.94006","0"
"202611114 (2)_part001_start000290s_end000590s.MP4","18025","59.94006","0"
"202611114 (2)_part002_start000580s_end000880s.MP4","18008","59.94006","0"
"202611114 (2)_part003_start000870s_end001170s.MP4","17990","59.94006","0"
"202611114 (2)_part004_start001160s_end001460s.MP4","18033","59.94006","0"
"202611114 (2)_part005_start001450s_end001730s.MP4","16800","59.94006","0"
"202611114 (3)_part000_start000000s_end000300s.MP4","17983","59.94006","0"
"202611114 (3)_part001_start000290s_end000590s.MP4","18025","59.94006","0"
"202611114 (3)_part002_start000580s_end000880s.MP4","18008","59.94006","0"
"202611114 (3)_part003_start000870s_end001170s.MP4","17990","59.94006","0"
"202611114 (3)_part004_start001160s_end001460s.MP4","18033","59.94006","0"
"202611114 (3)_part005_start001450s_end001730s.MP4","16800","59.94006","0"
"202611114 (4).MP4","10346","59.94006","0"
"GX010230_part000_start000000s_end000300s.MP4","8992","29.97003","0"
"GX010230_part001_start000290s_end000590s.MP4","9013","29.97003","0"
"GX010230_part002_start000580s_end000731s.MP4","4549","29.97003","0"
"GX010231_part000_start000000s_end000300s.MP4","8992","29.97003","0"
"GX010231_part001_start000290s_end000590s.MP4","9013","29.97003","0"
"GX010231_part002_start000580s_end000880s.MP4","9004","29.97003","0"
"GX010231_part003_start000870s_end001154s.MP4","8525","29.97003","0"
"GX010265_part000_start000000s_end000300s.MP4","17983","59.94006","0"
"GX010265_part001_start000290s_end000590s.MP4","18025","59.94006","0"
"GX010265_part002_start000580s_end000880s.MP4","18008","59.94006","0"
"GX010265_part003_start000870s_end001170s.MP4","17990","59.94006","0"
"GX010265_part004_start001160s_end001460s.MP4","18033","59.94006","0"
"GX010265_part005_start001450s_end001750s.MP4","18016","59.94006","0"
"GX010265_part006_start001740s_end001794s.MP4","3240","59.94006","0"
"GX010266_part000_start000000s_end000300s.MP4","17983","59.94006","0"
"GX010266_part001_start000290s_end000442s.MP4","9146","59.94006","0"
"GX010268_part000_start000000s_end000300s.MP4","17983","59.94006","0"
"GX010268_part001_start000290s_end000590s.MP4","18025","59.94006","0"
"GX010268_part002_start000580s_end000880s.MP4","18008","59.94006","0"
"GX010268_part003_start000870s_end001170s.MP4","17990","59.94006","0"
"GX010268_part004_start001160s_end001263s.MP4","6233","59.94006","0"
"GX010269.MP4","4300","59.94006","0"
"GX010270.MP4","4303","59.94006","0"
"GX020265.MP4","3123","59.94006","0"
