path,label,status
/workspace/data/Isornot/images/IsSmiling/20250926_0_0_27732.png,1,ok
/workspace/data/Isornot/images/IsSmiling/20250926_0_0_27778.png,1,ok
/workspace/data/Isornot/images/IsSmiling/20250926_0_0_27818.png,1,ok
/workspace/data/Isornot/images/IsSmiling/20250926_0_0_27915.png,1,ok
/workspace/data/Isornot/images/IsSmiling/20250926_0_0_27938.png,1,ok
/workspace/data/Isornot/images/IsSmiling/20250926_0_0_27970.png,1,ok
/workspace/data/Isornot/images/IsSmiling/20250926_0_0_28056.png,1,ok
/workspace/data/Isornot/images/IsSmiling/20250926_0_0_28106.png,1,ok
/workspace/data/Isornot/images/IsSmiling/20250926_0_0_28132.png,1,ok
/workspace/data/Isornot/images/IsSmiling/20250926_0_0_29810.png,1,ok
/workspace/data/Isornot/images/IsSmiling/20250926_0_0_29834.png,1,ok
/workspace/data/Isornot/images/IsSmiling/20250926_0_0_29853.png,1,ok
/workspace/data/Isornot/images/IsSmiling/20250926_0_0_30034.png,1,ok
/workspace/data/Isornot/images/IsSmiling/20250926_0_0_30084.png,1,ok
/workspace/data/Isornot/images/IsSmiling/20250926_0_0_31078.png,1,ok
/workspace/data/Isornot/images/IsSmiling/20250926_0_0_31122.png,1,ok
/workspace/data/Isornot/images/IsSmiling/20250926_0_0_32344.png,1,ok
/workspace/data/Isornot/images/IsSmiling/20250926_0_0_32369.png,1,ok
/workspace/data/Isornot/images/IsSmiling/20250926_0_0_32393.png,1,ok
/workspace/data/Isornot/images/IsSmiling/20250926_0_0_32414.png,1,ok
/workspace/data/Isornot/images/IsSmiling/20250926_0_0_32450.png,1,ok
/workspace/data/Isornot/images/IsSmiling/20250926_0_0_33705.png,1,ok
/workspace/data/Isornot/images/IsSmiling/20250926_0_0_34146.png,1,ok
/workspace/data/Isornot/images/IsSmiling/20250926_0_0_34252.png,1,ok
/workspace/data/Isornot/images/IsSmiling/20250926_0_0_34294.png,1,ok
/workspace/data/Isornot/images/IsSmiling/20250926_0_0_34313.png,1,ok
/workspace/data/Isornot/images/IsSmiling/20250926_0_0_34387.png,1,ok
/workspace/data/Isornot/images/IsSmiling/20250926_0_0_34408.png,1,ok
/workspace/data/Isornot/images/IsSmiling/20250926_0_0_34433.png,1,ok
/workspace/data/Isornot/images/IsSmiling/20250926_0_0_35132.png,1,ok
/workspace/data/Isornot/images/IsSmiling/20250926_0_0_35146.png,1,ok
/workspace/data/Isornot/images/IsSmiling/20250926_0_0_35184.png,1,ok
/workspace/data/Isornot/images/IsSmiling/20250926_0_0_35199.png,1,ok
/workspace/data/Isornot/images/IsSmiling/20250926_0_0_35491.png,1,ok
/workspace/data/Isornot/images/IsSmiling/20250926_0_0_37635.png,1,ok
/workspace/data/Isornot/images/IsSmiling/20250926_0_0_37672.png,1,ok
/workspace/data/Isornot/images/IsSmiling/20250926_0_0_39150.png,1,ok
/workspace/data/Isornot/images/IsSmiling/20250926_0_0_39693.png,1,ok
/workspace/data/Isornot/images/IsSmiling/20250926_0_0_39705.png,1,ok
/workspace/data/Isornot/images/IsSmiling/20250926_0_0_39714.png,1,ok
/workspace/data/Isornot/images/IsSmiling/20250926_0_0_43314.png,1,ok
/workspace/data/Isornot/images/IsSmiling/20250926_0_0_43407.png,1,ok
/workspace/data/Isornot/images/IsSmiling/20250926_0_0_43432.png,1,ok
/workspace/data/Isornot/images/IsSmiling/20250926_0_0_43460.png,1,ok
/workspace/data/Isornot/images/IsSmiling/20250926_0_0_43463.png,1,ok
/workspace/data/Isornot/images/IsSmiling/20250926_0_0_43892.png,1,ok
/workspace/data/Isornot/images/IsSmiling/20250926_0_0_44220.png,1,ok
/workspace/data/Isornot/images/IsSmiling/20250926_0_0_44341.png,1,ok
/workspace/data/Isornot/images/IsSmiling/20250926_0_0_44490.png,1,ok
/workspace/data/Isornot/images/IsSmiling/20250926_0_0_44518.png,1,ok
/workspace/data/Isornot/images/IsSmiling/20250926_0_0_44829.png,1,ok
/workspace/data/Isornot/images/IsSmiling/20250926_0_0_44893.png,1,ok
/workspace/data/Isornot/images/IsSmiling/20250926_0_0_44926.png,1,ok
/workspace/data/Isornot/images/IsSmiling/20250926_0_0_45322.png,1,ok
/workspace/data/Isornot/images/IsSmiling/20250926_0_0_45361.png,1,ok
/workspace/data/Isornot/images/IsSmiling/20250926_0_0_45380.png,1,ok
/workspace/data/Isornot/images/IsSmiling/20250926_0_0_45752.png,1,ok
/workspace/data/Isornot/images/IsSmiling/20250926_0_0_45863.png,1,ok
/workspace/data/Isornot/images/IsSmiling/20250926_0_0_45883.png,1,ok
/workspace/data/Isornot/images/IsSmiling/20250926_0_0_47750.png,1,ok
/workspace/data/Isornot/images/IsSmiling/20250926_0_0_47755.png,1,ok
/workspace/data/Isornot/images/IsSmiling/20250926_0_0_47788.png,1,ok
/workspace/data/Isornot/images/IsSmiling/20250926_0_0_48026.png,1,ok
/workspace/data/Isornot/images/IsSmiling/20250926_0_0_48047.png,1,ok
/workspace/data/Isornot/images/IsSmiling/20250926_0_0_48098.png,1,ok
/workspace/data/Isornot/images/IsSmiling/20250926_0_0_48121.png,1,ok
/workspace/data/Isornot/images/IsSmiling/20250926_0_0_48124.png,1,ok
/workspace/data/Isornot/images/IsSmiling/20250926_0_0_48144.png,1,ok
/workspace/data/Isornot/images/IsSmiling/20250926_0_0_50492.png,1,ok
/workspace/data/Isornot/images/IsSmiling/20250926_0_0_50510.png,1,ok
/workspace/data/Isornot/images/IsSmiling/20250926_0_0_50523.png,1,ok
/workspace/data/Isornot/images/IsSmiling/20250926_0_0_50656.png,1,ok
/workspace/data/Isornot/images/IsSmiling/20250926_0_0_51697.png,1,ok
/workspace/data/Isornot/images/IsSmiling/20250926_0_0_51759.png,1,ok
/workspace/data/Isornot/images/IsSmiling/20250926_0_0_52241.png,1,ok
/workspace/data/Isornot/images/IsSmiling/20250926_0_0_52244.png,1,ok
/workspace/data/Isornot/images/IsSmiling/20250926_0_0_52326.png,1,ok
/workspace/data/Isornot/images/IsSmiling/20250926_0_0_52332.png,1,ok
/workspace/data/Isornot/images/IsSmiling/20250926_0_0_54133.png,1,ok
/workspace/data/Isornot/images/IsSmiling/20250926_0_0_54349.png,1,ok
/workspace/data/Isornot/images/IsSmiling/20250926_0_0_54830.png,1,ok
/workspace/data/Isornot/images/IsSmiling/20250926_0_0_54904.png,1,ok
/workspace/data/Isornot/images/IsSmiling/20250926_0_0_54906.png,1,ok
/workspace/data/Isornot/images/IsSmiling/20250926_0_0_54975.png,1,ok
/workspace/data/Isornot/images/IsSmiling/20250926_0_0_55009.png,1,ok
/workspace/data/Isornot/images/IsSmiling/20250926_0_0_55034.png,1,ok
/workspace/data/Isornot/images/IsSmiling/20250926_0_0_55055.png,1,ok
/workspace/data/Isornot/images/IsSmiling/20250926_0_0_55082.png,1,ok
/workspace/data/Isornot/images/IsSmiling/20250926_0_0_55096.png,1,ok
/workspace/data/Isornot/images/IsSmiling/20250926_0_0_55147.png,1,ok
/workspace/data/Isornot/images/IsSmiling/20250926_0_0_55180.png,1,ok
/workspace/data/Isornot/images/IsSmiling/20250926_0_0_55201.png,1,ok
/workspace/data/Isornot/images/IsSmiling/20250926_0_0_55378.png,1,ok
/workspace/data/Isornot/images/IsSmiling/20250926_0_0_55427.png,1,ok
/workspace/data/Isornot/images/IsSmiling/20250926_0_0_55451.png,1,ok
/workspace/data/Isornot/images/IsSmiling/20250926_0_0_55511.png,1,ok
/workspace/data/Isornot/images/IsSmiling/20250926_0_0_55538.png,1,ok
/workspace/data/Isornot/images/IsSmiling/20250926_0_0_55543.png,1,ok
/workspace/data/Isornot/images/IsSmiling/20250926_0_0_55595.png,1,ok
/workspace/data/Isornot/images/IsSmiling/20250926_0_0_55621.png,1,ok
/workspace/data/Isornot/images/IsSmiling/20250926_0_0_55718.png,1,ok
/workspace/data/Isornot/images/IsSmiling/20250926_0_0_55842.png,1,ok
/workspace/data/Isornot/images/IsSmiling/20250926_0_0_55937.png,1,ok
/workspace/data/Isornot/images/IsSmiling/20250926_0_0_56114.png,1,ok
/workspace/data/Isornot/images/IsSmiling/20250926_0_0_56128.png,1,ok
/workspace/data/Isornot/images/IsSmiling/20250926_0_0_56267.png,1,ok
/workspace/data/Isornot/images/IsSmiling/20250926_0_0_56312.png,1,ok
/workspace/data/Isornot/images/IsSmiling/20250926_0_0_56329.png,1,ok
/workspace/data/Isornot/images/IsSmiling/20250926_0_0_56427.png,1,ok
/workspace/data/Isornot/images/IsSmiling/20250926_0_0_59702.png,1,ok
/workspace/data/Isornot/images/IsSmiling/20250926_0_0_59798.png,1,ok
/workspace/data/Isornot/images/IsSmiling/20250926_0_0_59913.png,1,ok
/workspace/data/Isornot/images/IsSmiling/20250926_0_0_60368.png,1,ok
/workspace/data/Isornot/images/IsSmiling/20250926_0_0_60388.png,1,ok
/workspace/data/Isornot/images/IsSmiling/20250926_0_0_60401.png,1,ok
/workspace/data/Isornot/images/IsSmiling/20250926_0_0_61996.png,1,ok
/workspace/data/Isornot/images/IsSmiling/20250926_0_0_68163.png,1,ok
/workspace/data/Isornot/images/IsSmiling/20250926_0_0_68644.png,1,ok
/workspace/data/Isornot/images/IsSmiling/20250926_0_0_68757.png,1,ok
/workspace/data/Isornot/images/IsSmiling/20250926_0_0_75402.png,1,ok
/workspace/data/Isornot/images/IsSmiling/20250926_0_0_75411.png,1,ok
/workspace/data/Isornot/images/IsSmiling/20250926_0_0_75432.png,1,ok
/workspace/data/Isornot/images/IsSmiling/20250926_0_0_9093.png,1,ok
/workspace/data/Isornot/images/IsSmiling/20250926_0_0_9100.png,1,ok
/workspace/data/Isornot/images/IsSmiling/20251008_0_0_10648.png,1,ok
/workspace/data/Isornot/images/IsSmiling/20251008_0_0_10651.png,1,ok
/workspace/data/Isornot/images/IsSmiling/20251008_0_0_10659.png,1,ok
/workspace/data/Isornot/images/IsSmiling/20251008_0_0_12351.png,1,ok
/workspace/data/Isornot/images/IsSmiling/20251008_0_0_12360.png,1,ok
/workspace/data/Isornot/images/IsSmiling/20251008_0_0_13108.png,1,ok
/workspace/data/Isornot/images/IsSmiling/20251008_0_0_13141.png,1,ok
/workspace/data/Isornot/images/IsSmiling/20251008_0_0_13171.png,1,ok
/workspace/data/Isornot/images/IsSmiling/20251008_0_0_14295.png,1,ok
/workspace/data/Isornot/images/IsSmiling/20251008_0_0_14305.png,1,ok
/workspace/data/Isornot/images/IsSmiling/20251008_0_0_14325.png,1,ok
/workspace/data/Isornot/images/IsSmiling/20251008_0_0_14353.png,1,ok
/workspace/data/Isornot/images/IsSmiling/20251008_0_0_14361.png,1,ok
/workspace/data/Isornot/images/IsSmiling/20251008_0_0_14369.png,1,ok
/workspace/data/Isornot/images/IsSmiling/20251008_0_0_14389.png,1,ok
/workspace/data/Isornot/images/IsSmiling/20251008_0_0_14423.png,1,ok
/workspace/data/Isornot/images/IsSmiling/20251008_0_0_14426.png,1,ok
/workspace/data/Isornot/images/IsSmiling/20251008_0_0_14429.png,1,ok
/workspace/data/Isornot/images/IsSmiling/20251008_0_0_14468.png,1,ok
/workspace/data/Isornot/images/IsSmiling/20251008_0_0_14515.png,1,ok
/workspace/data/Isornot/images/IsSmiling/20251008_0_0_15477.png,1,ok
/workspace/data/Isornot/images/IsSmiling/20251008_0_0_15494.png,1,ok
/workspace/data/Isornot/images/IsSmiling/20251008_0_0_15526.png,1,ok
/workspace/data/Isornot/images/IsSmiling/20251008_0_0_15562.png,1,ok
/workspace/data/Isornot/images/IsSmiling/20251008_0_0_15584.png,1,ok
/workspace/data/Isornot/images/IsSmiling/20251008_0_0_18208.png,1,ok
/workspace/data/Isornot/images/IsSmiling/20251008_0_0_21845.png,1,ok
/workspace/data/Isornot/images/IsSmiling/20251008_0_0_21846.png,1,ok
/workspace/data/Isornot/images/IsSmiling/20251008_0_0_21856.png,1,ok
/workspace/data/Isornot/images/IsSmiling/20251008_0_0_21861.png,1,ok
/workspace/data/Isornot/images/IsSmiling/20251008_0_0_21869.png,1,ok
/workspace/data/Isornot/images/IsSmiling/20251008_0_0_21906.png,1,ok
/workspace/data/Isornot/images/IsSmiling/20251008_0_0_22089.png,1,ok
/workspace/data/Isornot/images/IsSmiling/20251008_0_0_22098.png,1,ok
/workspace/data/Isornot/images/IsSmiling/20251008_0_0_22205.png,1,ok
/workspace/data/Isornot/images/IsSmiling/20251008_0_0_22701.png,1,ok
/workspace/data/Isornot/images/IsSmiling/20251008_0_0_22729.png,1,ok
/workspace/data/Isornot/images/IsSmiling/20251008_0_0_22816.png,1,ok
/workspace/data/Isornot/images/IsSmiling/20251008_0_0_23605.png,1,ok
/workspace/data/Isornot/images/IsSmiling/20251008_0_0_24184.png,1,ok
/workspace/data/Isornot/images/IsSmiling/20251008_0_0_24202.png,1,ok
/workspace/data/Isornot/images/IsSmiling/20251008_0_0_24274.png,1,ok
/workspace/data/Isornot/images/IsSmiling/20251008_0_0_24327.png,1,ok
/workspace/data/Isornot/images/IsSmiling/20251008_0_0_24487.png,1,ok
/workspace/data/Isornot/images/IsSmiling/20251008_0_0_24729.png,1,ok
/workspace/data/Isornot/images/IsSmiling/20251008_0_0_25025.png,1,ok
/workspace/data/Isornot/images/IsSmiling/20251008_0_0_25067.png,1,ok
/workspace/data/Isornot/images/IsSmiling/20251008_0_0_25164.png,1,ok
/workspace/data/Isornot/images/IsSmiling/20251008_0_0_26031.png,1,ok
/workspace/data/Isornot/images/IsSmiling/20251008_0_0_26072.png,1,ok
/workspace/data/Isornot/images/IsSmiling/20251008_0_0_27537.png,1,ok
/workspace/data/Isornot/images/IsSmiling/20251008_0_0_27559.png,1,ok
/workspace/data/Isornot/images/IsSmiling/20251008_0_0_27578.png,1,ok
/workspace/data/Isornot/images/IsSmiling/20251008_0_0_27626.png,1,ok
/workspace/data/Isornot/images/IsSmiling/20251008_0_0_7267.png,1,ok
/workspace/data/Isornot/images/IsSmiling/20251008_0_0_7599.png,1,ok
/workspace/data/Isornot/images/IsSmiling/20251008_0_0_7615.png,1,ok
/workspace/data/Isornot/images/IsSmiling/20251008_0_0_7704.png,1,ok
/workspace/data/Isornot/images/IsSmiling/20251008_0_0_8216.png,1,ok
/workspace/data/Isornot/images/IsSmiling/20251008_0_0_8294.png,1,ok
/workspace/data/Isornot/images/IsSmiling/20251008_0_0_8298.png,1,ok
/workspace/data/Isornot/images/IsSmiling/20251008_0_0_8299.png,1,ok
/workspace/data/Isornot/images/IsSmiling/20251008_0_0_8428.png,1,ok
/workspace/data/Isornot/images/IsSmiling/20251008_0_0_9534.png,1,ok
/workspace/data/Isornot/images/IsSmiling/20251008_0_0_9631.png,1,ok
/workspace/data/Isornot/images/IsSmiling/20251008_0_0_9637.png,1,ok
/workspace/data/Isornot/images/IsSmiling/20251008_0_0_9655.png,1,ok
/workspace/data/Isornot/images/IsSmiling/20251008_0_0_9759.png,1,ok
/workspace/data/Isornot/images/IsSmiling/20251008_0_0_9775.png,1,ok
/workspace/data/Isornot/images/IsSmiling/20251019_0_0_11160.png,1,ok
/workspace/data/Isornot/images/IsSmiling/20251019_0_0_16221.png,1,ok
/workspace/data/Isornot/images/IsSmiling/20251019_0_0_16331.png,1,ok
/workspace/data/Isornot/images/IsSmiling/20251019_0_0_16388.png,1,ok
/workspace/data/Isornot/images/IsSmiling/20251019_0_0_16401.png,1,ok
/workspace/data/Isornot/images/IsSmiling/20251019_0_0_16502.png,1,ok
/workspace/data/Isornot/images/IsSmiling/20251019_0_0_16538.png,1,ok
/workspace/data/Isornot/images/IsSmiling/20251019_0_0_18272.png,1,ok
/workspace/data/Isornot/images/IsSmiling/20251019_0_0_18321.png,1,ok
/workspace/data/Isornot/images/IsSmiling/20251019_0_0_18608.png,1,ok
/workspace/data/Isornot/images/IsSmiling/20251019_0_0_18635.png,1,ok
/workspace/data/Isornot/images/IsSmiling/20251019_0_0_23581.png,1,ok
/workspace/data/Isornot/images/IsSmiling/20251019_0_0_27469.png,1,ok
/workspace/data/Isornot/images/IsSmiling/20251019_0_0_27512.png,1,ok
/workspace/data/Isornot/images/IsSmiling/20251019_0_0_28783.png,1,ok
/workspace/data/Isornot/images/IsSmiling/20251019_0_0_30333.png,1,ok
/workspace/data/Isornot/images/IsSmiling/20251019_0_0_30362.png,1,ok
/workspace/data/Isornot/images/IsSmiling/20251019_0_0_30363.png,1,ok
/workspace/data/Isornot/images/IsSmiling/20251019_0_0_30370.png,1,ok
/workspace/data/Isornot/images/IsSmiling/20251019_0_0_30372.png,1,ok
/workspace/data/Isornot/images/IsSmiling/20251019_0_0_30373.png,1,ok
/workspace/data/Isornot/images/IsSmiling/20251019_0_0_30393.png,1,ok
/workspace/data/Isornot/images/IsSmiling/20251019_0_0_31483.png,1,ok
/workspace/data/Isornot/images/IsSmiling/20251019_0_0_31544.png,1,ok
/workspace/data/Isornot/images/IsSmiling/20251019_0_0_33547.png,1,ok
/workspace/data/Isornot/images/IsSmiling/20251019_0_0_33575.png,1,ok
/workspace/data/Isornot/images/IsSmiling/20251019_0_0_38014.png,1,ok
/workspace/data/Isornot/images/IsSmiling/20251019_0_0_38048.png,1,ok
/workspace/data/Isornot/images/IsSmiling/20251019_0_0_38676.png,1,ok
/workspace/data/Isornot/images/IsSmiling/20251019_0_0_42184.png,1,ok
/workspace/data/Isornot/images/IsSmiling/20251019_0_0_42200.png,1,ok
/workspace/data/Isornot/images/IsSmiling/20251019_0_0_42202.png,1,ok
/workspace/data/Isornot/images/IsSmiling/20251019_0_0_42931.png,1,ok
/workspace/data/Isornot/images/IsSmiling/20251019_0_0_42938.png,1,ok
/workspace/data/Isornot/images/IsSmiling/20251019_0_0_42946.png,1,ok
/workspace/data/Isornot/images/IsSmiling/20251019_0_0_43021.png,1,ok
/workspace/data/Isornot/images/IsSmiling/20251019_0_0_43048.png,1,ok
/workspace/data/Isornot/images/IsSmiling/20251019_0_0_43057.png,1,ok
/workspace/data/Isornot/images/IsSmiling/20251019_0_0_43062.png,1,ok
/workspace/data/Isornot/images/IsSmiling/20251019_0_0_43204.png,1,ok
/workspace/data/Isornot/images/IsSmiling/20251019_0_0_43224.png,1,ok
/workspace/data/Isornot/images/IsSmiling/20251019_0_0_43226.png,1,ok
/workspace/data/Isornot/images/IsSmiling/20251019_0_0_43227.png,1,ok
/workspace/data/Isornot/images/IsSmiling/20251019_0_0_43269.png,1,ok
/workspace/data/Isornot/images/IsSmiling/20251019_0_0_50635.png,1,ok
/workspace/data/Isornot/images/IsSmiling/20251019_0_0_50648.png,1,ok
/workspace/data/Isornot/images/IsSmiling/20251019_0_0_51139.png,1,ok
/workspace/data/Isornot/images/IsSmiling/20251019_0_0_51147.png,1,ok
/workspace/data/Isornot/images/IsSmiling/20251019_0_0_51176.png,1,ok
/workspace/data/Isornot/images/IsSmiling/20251019_0_0_52017.png,1,ok
/workspace/data/Isornot/images/IsSmiling/20251019_0_0_52145.png,1,ok
/workspace/data/Isornot/images/IsSmiling/20251019_0_0_54159.png,1,ok
/workspace/data/Isornot/images/IsSmiling/20251019_0_0_54227.png,1,ok
/workspace/data/Isornot/images/IsSmiling/20251019_0_0_54240.png,1,ok
/workspace/data/Isornot/images/IsSmiling/20251019_0_0_56413.png,1,ok
/workspace/data/Isornot/images/IsSmiling/20251019_0_0_56449.png,1,ok
/workspace/data/Isornot/images/IsSmiling/20251019_0_0_56459.png,1,ok
/workspace/data/Isornot/images/IsSmiling/20251019_0_0_56486.png,1,ok
/workspace/data/Isornot/images/IsSmiling/20251019_0_0_8696.png,1,ok
/workspace/data/Isornot/images/IsSmiling/20251019_0_0_8708.png,1,ok
/workspace/data/Isornot/images/IsSmiling/20251019_0_0_8963.png,1,ok
/workspace/data/Isornot/images/IsSmiling/20251019_0_0_9072.png,1,ok
/workspace/data/Isornot/images/IsSmiling/20251029_0_0_11537.png,1,ok
/workspace/data/Isornot/images/IsSmiling/20251029_0_0_16630.png,1,ok
/workspace/data/Isornot/images/IsSmiling/20251029_0_0_16727.png,1,ok
/workspace/data/Isornot/images/IsSmiling/20251029_0_0_16767.png,1,ok
/workspace/data/Isornot/images/IsSmiling/20251029_0_0_17277.png,1,ok
/workspace/data/Isornot/images/IsSmiling/20251029_0_0_24678.png,1,ok
/workspace/data/Isornot/images/IsSmiling/20251029_0_0_24714.png,1,ok
/workspace/data/Isornot/images/IsSmiling/20251029_0_0_24718.png,1,ok
/workspace/data/Isornot/images/IsSmiling/20251029_0_0_24768.png,1,ok
/workspace/data/Isornot/images/IsSmiling/20251029_0_0_26579.png,1,ok
/workspace/data/Isornot/images/IsSmiling/20251029_0_0_26586.png,1,ok
/workspace/data/Isornot/images/IsSmiling/20251029_0_0_27299.png,1,ok
/workspace/data/Isornot/images/IsSmiling/20251029_0_0_27303.png,1,ok
/workspace/data/Isornot/images/IsSmiling/20251029_0_0_27309.png,1,ok
/workspace/data/Isornot/images/IsSmiling/20251029_0_0_27336.png,1,ok
/workspace/data/Isornot/images/IsSmiling/20251029_0_0_28424.png,1,ok
/workspace/data/Isornot/images/IsSmiling/20251029_0_0_28453.png,1,ok
/workspace/data/Isornot/images/IsSmiling/20251029_0_0_29609.png,1,ok
/workspace/data/Isornot/images/IsSmiling/20251029_0_0_30076.png,1,ok
/workspace/data/Isornot/images/IsSmiling/20251029_0_0_32011.png,1,ok
/workspace/data/Isornot/images/IsSmiling/20251029_0_0_33749.png,1,ok
/workspace/data/Isornot/images/IsSmiling/20251029_0_0_36275.png,1,ok
/workspace/data/Isornot/images/IsSmiling/20251029_0_0_36758.png,1,ok
/workspace/data/Isornot/images/IsSmiling/20251029_0_0_36759.png,1,ok
/workspace/data/Isornot/images/IsSmiling/20251029_0_0_36799.png,1,ok
/workspace/data/Isornot/images/IsSmiling/20251029_0_0_36812.png,1,ok
/workspace/data/Isornot/images/IsSmiling/20251029_0_0_36919.png,1,ok
/workspace/data/Isornot/images/IsSmiling/20251029_0_0_37046.png,1,ok
/workspace/data/Isornot/images/IsSmiling/20251029_0_0_37273.png,1,ok
/workspace/data/Isornot/images/IsSmiling/20251029_0_0_37277.png,1,ok
/workspace/data/Isornot/images/IsSmiling/20251029_0_0_37360.png,1,ok
/workspace/data/Isornot/images/IsSmiling/20251029_0_0_37433.png,1,ok
/workspace/data/Isornot/images/IsSmiling/20251029_0_0_37683.png,1,ok
/workspace/data/Isornot/images/IsSmiling/20251029_0_0_37830.png,1,ok
/workspace/data/Isornot/images/IsSmiling/20251029_0_0_37838.png,1,ok
/workspace/data/Isornot/images/IsSmiling/20251029_0_0_37846.png,1,ok
/workspace/data/Isornot/images/IsSmiling/20251029_0_0_37875.png,1,ok
/workspace/data/Isornot/images/IsSmiling/20251029_0_0_37906.png,1,ok
/workspace/data/Isornot/images/IsSmiling/20251029_0_0_37957.png,1,ok
/workspace/data/Isornot/images/IsSmiling/20251029_0_0_37995.png,1,ok
/workspace/data/Isornot/images/IsSmiling/20251029_0_0_37997.png,1,ok
/workspace/data/Isornot/images/IsSmiling/20251029_0_0_41984.png,1,ok
/workspace/data/Isornot/images/IsSmiling/20251029_0_0_42047.png,1,ok
/workspace/data/Isornot/images/IsSmiling/20251029_0_0_42545.png,1,ok
/workspace/data/Isornot/images/IsSmiling/20251029_0_0_42557.png,1,ok
/workspace/data/Isornot/images/IsSmiling/20251029_0_0_42707.png,1,ok
/workspace/data/Isornot/images/IsSmiling/20251029_0_0_42718.png,1,ok
/workspace/data/Isornot/images/IsSmiling/20251029_0_0_44548.png,1,ok
/workspace/data/Isornot/images/IsSmiling/20251029_0_0_44623.png,1,ok
/workspace/data/Isornot/images/IsSmiling/20251029_0_0_44662.png,1,ok
/workspace/data/Isornot/images/IsSmiling/20251029_0_0_44689.png,1,ok
/workspace/data/Isornot/images/IsSmiling/20251029_0_0_44691.png,1,ok
/workspace/data/Isornot/images/IsSmiling/20251029_0_0_44714.png,1,ok
/workspace/data/Isornot/images/IsSmiling/20251029_0_0_44867.png,1,ok
/workspace/data/Isornot/images/IsSmiling/20251029_0_0_45388.png,1,ok
/workspace/data/Isornot/images/IsSmiling/20251029_0_0_47602.png,1,ok
/workspace/data/Isornot/images/IsSmiling/20251029_0_0_47619.png,1,ok
/workspace/data/Isornot/images/IsSmiling/20251029_0_0_47629.png,1,ok
/workspace/data/Isornot/images/IsSmiling/20251029_0_0_47644.png,1,ok
/workspace/data/Isornot/images/IsSmiling/20251029_0_0_48517.png,1,ok
/workspace/data/Isornot/images/IsSmiling/20251029_0_0_5972.png,1,ok
/workspace/data/Isornot/images/NotSmiling/20250926_0_0_10026.png,0,ok
/workspace/data/Isornot/images/NotSmiling/20250926_0_0_10037.png,0,ok
/workspace/data/Isornot/images/NotSmiling/20250926_0_0_155.png,0,ok
/workspace/data/Isornot/images/NotSmiling/20250926_0_0_15789.png,0,ok
/workspace/data/Isornot/images/NotSmiling/20250926_0_0_15819.png,0,ok
/workspace/data/Isornot/images/NotSmiling/20250926_0_0_15846.png,0,ok
/workspace/data/Isornot/images/NotSmiling/20250926_0_0_15853.png,0,ok
/workspace/data/Isornot/images/NotSmiling/20250926_0_0_15909.png,0,ok
/workspace/data/Isornot/images/NotSmiling/20250926_0_0_254.png,0,ok
/workspace/data/Isornot/images/NotSmiling/20250926_0_0_27694.png,0,ok
/workspace/data/Isornot/images/NotSmiling/20250926_0_0_28269.png,0,ok
/workspace/data/Isornot/images/NotSmiling/20250926_0_0_29752.png,0,ok
/workspace/data/Isornot/images/NotSmiling/20250926_0_0_30118.png,0,ok
/workspace/data/Isornot/images/NotSmiling/20250926_0_0_30133.png,0,ok
/workspace/data/Isornot/images/NotSmiling/20250926_0_0_31065.png,0,ok
/workspace/data/Isornot/images/NotSmiling/20250926_0_0_31150.png,0,ok
/workspace/data/Isornot/images/NotSmiling/20250926_0_0_31159.png,0,ok
/workspace/data/Isornot/images/NotSmiling/20250926_0_0_31770.png,0,ok
/workspace/data/Isornot/images/NotSmiling/20250926_0_0_31842.png,0,ok
/workspace/data/Isornot/images/NotSmiling/20250926_0_0_31853.png,0,ok
/workspace/data/Isornot/images/NotSmiling/20250926_0_0_31864.png,0,ok
/workspace/data/Isornot/images/NotSmiling/20250926_0_0_32263.png,0,ok
/workspace/data/Isornot/images/NotSmiling/20250926_0_0_32672.png,0,ok
/workspace/data/Isornot/images/NotSmiling/20250926_0_0_32715.png,0,ok
/workspace/data/Isornot/images/NotSmiling/20250926_0_0_33735.png,0,ok
/workspace/data/Isornot/images/NotSmiling/20250926_0_0_33802.png,0,ok
/workspace/data/Isornot/images/NotSmiling/20250926_0_0_33834.png,0,ok
/workspace/data/Isornot/images/NotSmiling/20250926_0_0_33836.png,0,ok
/workspace/data/Isornot/images/NotSmiling/20250926_0_0_34096.png,0,ok
/workspace/data/Isornot/images/NotSmiling/20250926_0_0_35082.png,0,ok
/workspace/data/Isornot/images/NotSmiling/20250926_0_0_35087.png,0,ok
/workspace/data/Isornot/images/NotSmiling/20250926_0_0_35091.png,0,ok
/workspace/data/Isornot/images/NotSmiling/20250926_0_0_35230.png,0,ok
/workspace/data/Isornot/images/NotSmiling/20250926_0_0_35330.png,0,ok
/workspace/data/Isornot/images/NotSmiling/20250926_0_0_35390.png,0,ok
/workspace/data/Isornot/images/NotSmiling/20250926_0_0_35553.png,0,ok
/workspace/data/Isornot/images/NotSmiling/20250926_0_0_35572.png,0,ok
/workspace/data/Isornot/images/NotSmiling/20250926_0_0_35622.png,0,ok
/workspace/data/Isornot/images/NotSmiling/20250926_0_0_35658.png,0,ok
/workspace/data/Isornot/images/NotSmiling/20250926_0_0_35668.png,0,ok
/workspace/data/Isornot/images/NotSmiling/20250926_0_0_35684.png,0,ok
/workspace/data/Isornot/images/NotSmiling/20250926_0_0_35734.png,0,ok
/workspace/data/Isornot/images/NotSmiling/20250926_0_0_36491.png,0,ok
/workspace/data/Isornot/images/NotSmiling/20250926_0_0_36516.png,0,ok
/workspace/data/Isornot/images/NotSmiling/20250926_0_0_36538.png,0,ok
/workspace/data/Isornot/images/NotSmiling/20250926_0_0_36799.png,0,ok
/workspace/data/Isornot/images/NotSmiling/20250926_0_0_36882.png,0,ok
/workspace/data/Isornot/images/NotSmiling/20250926_0_0_36915.png,0,ok
/workspace/data/Isornot/images/NotSmiling/20250926_0_0_36928.png,0,ok
/workspace/data/Isornot/images/NotSmiling/20250926_0_0_37049.png,0,ok
/workspace/data/Isornot/images/NotSmiling/20250926_0_0_37104.png,0,ok
/workspace/data/Isornot/images/NotSmiling/20250926_0_0_37599.png,0,ok
/workspace/data/Isornot/images/NotSmiling/20250926_0_0_37690.png,0,ok
/workspace/data/Isornot/images/NotSmiling/20250926_0_0_37701.png,0,ok
/workspace/data/Isornot/images/NotSmiling/20250926_0_0_37717.png,0,ok
/workspace/data/Isornot/images/NotSmiling/20250926_0_0_37731.png,0,ok
/workspace/data/Isornot/images/NotSmiling/20250926_0_0_37740.png,0,ok
/workspace/data/Isornot/images/NotSmiling/20250926_0_0_37757.png,0,ok
/workspace/data/Isornot/images/NotSmiling/20250926_0_0_37767.png,0,ok
/workspace/data/Isornot/images/NotSmiling/20250926_0_0_39252.png,0,ok
/workspace/data/Isornot/images/NotSmiling/20250926_0_0_39270.png,0,ok
/workspace/data/Isornot/images/NotSmiling/20250926_0_0_39299.png,0,ok
/workspace/data/Isornot/images/NotSmiling/20250926_0_0_39629.png,0,ok
/workspace/data/Isornot/images/NotSmiling/20250926_0_0_39754.png,0,ok
/workspace/data/Isornot/images/NotSmiling/20250926_0_0_39851.png,0,ok
/workspace/data/Isornot/images/NotSmiling/20250926_0_0_41969.png,0,ok
/workspace/data/Isornot/images/NotSmiling/20250926_0_0_41972.png,0,ok
/workspace/data/Isornot/images/NotSmiling/20250926_0_0_42037.png,0,ok
/workspace/data/Isornot/images/NotSmiling/20250926_0_0_42058.png,0,ok
/workspace/data/Isornot/images/NotSmiling/20250926_0_0_42323.png,0,ok
/workspace/data/Isornot/images/NotSmiling/20250926_0_0_42332.png,0,ok
/workspace/data/Isornot/images/NotSmiling/20250926_0_0_42372.png,0,ok
/workspace/data/Isornot/images/NotSmiling/20250926_0_0_42930.png,0,ok
/workspace/data/Isornot/images/NotSmiling/20250926_0_0_42935.png,0,ok
/workspace/data/Isornot/images/NotSmiling/20250926_0_0_43597.png,0,ok
/workspace/data/Isornot/images/NotSmiling/20250926_0_0_44248.png,0,ok
/workspace/data/Isornot/images/NotSmiling/20250926_0_0_44476.png,0,ok
/workspace/data/Isornot/images/NotSmiling/20250926_0_0_45143.png,0,ok
/workspace/data/Isornot/images/NotSmiling/20250926_0_0_45228.png,0,ok
/workspace/data/Isornot/images/NotSmiling/20250926_0_0_45259.png,0,ok
/workspace/data/Isornot/images/NotSmiling/20250926_0_0_45342.png,0,ok
/workspace/data/Isornot/images/NotSmiling/20250926_0_0_45367.png,0,ok
/workspace/data/Isornot/images/NotSmiling/20250926_0_0_45436.png,0,ok
/workspace/data/Isornot/images/NotSmiling/20250926_0_0_45634.png,0,ok
/workspace/data/Isornot/images/NotSmiling/20250926_0_0_45793.png,0,ok
/workspace/data/Isornot/images/NotSmiling/20250926_0_0_45940.png,0,ok
/workspace/data/Isornot/images/NotSmiling/20250926_0_0_46100.png,0,ok
/workspace/data/Isornot/images/NotSmiling/20250926_0_0_47697.png,0,ok
/workspace/data/Isornot/images/NotSmiling/20250926_0_0_47698.png,0,ok
/workspace/data/Isornot/images/NotSmiling/20250926_0_0_47712.png,0,ok
/workspace/data/Isornot/images/NotSmiling/20250926_0_0_47769.png,0,ok
/workspace/data/Isornot/images/NotSmiling/20250926_0_0_47889.png,0,ok
/workspace/data/Isornot/images/NotSmiling/20250926_0_0_47953.png,0,ok
/workspace/data/Isornot/images/NotSmiling/20250926_0_0_48148.png,0,ok
/workspace/data/Isornot/images/NotSmiling/20250926_0_0_50687.png,0,ok
/workspace/data/Isornot/images/NotSmiling/20250926_0_0_50710.png,0,ok
/workspace/data/Isornot/images/NotSmiling/20250926_0_0_50756.png,0,ok
/workspace/data/Isornot/images/NotSmiling/20250926_0_0_51229.png,0,ok
/workspace/data/Isornot/images/NotSmiling/20250926_0_0_51241.png,0,ok
/workspace/data/Isornot/images/NotSmiling/20250926_0_0_51291.png,0,ok
/workspace/data/Isornot/images/NotSmiling/20250926_0_0_51494.png,0,ok
/workspace/data/Isornot/images/NotSmiling/20250926_0_0_51498.png,0,ok
/workspace/data/Isornot/images/NotSmiling/20250926_0_0_51507.png,0,ok
/workspace/data/Isornot/images/NotSmiling/20250926_0_0_51601.png,0,ok
/workspace/data/Isornot/images/NotSmiling/20250926_0_0_51930.png,0,ok
/workspace/data/Isornot/images/NotSmiling/20250926_0_0_52122.png,0,ok
/workspace/data/Isornot/images/NotSmiling/20250926_0_0_5278.png,0,ok
/workspace/data/Isornot/images/NotSmiling/20250926_0_0_5320.png,0,ok
/workspace/data/Isornot/images/NotSmiling/20250926_0_0_53519.png,0,ok
/workspace/data/Isornot/images/NotSmiling/20250926_0_0_53686.png,0,ok
/workspace/data/Isornot/images/NotSmiling/20250926_0_0_54027.png,0,ok
/workspace/data/Isornot/images/NotSmiling/20250926_0_0_54061.png,0,ok
/workspace/data/Isornot/images/NotSmiling/20250926_0_0_54120.png,0,ok
/workspace/data/Isornot/images/NotSmiling/20250926_0_0_54124.png,0,ok
/workspace/data/Isornot/images/NotSmiling/20250926_0_0_54240.png,0,ok
/workspace/data/Isornot/images/NotSmiling/20250926_0_0_54392.png,0,ok
/workspace/data/Isornot/images/NotSmiling/20250926_0_0_54420.png,0,ok
/workspace/data/Isornot/images/NotSmiling/20250926_0_0_54422.png,0,ok
/workspace/data/Isornot/images/NotSmiling/20250926_0_0_54432.png,0,ok
/workspace/data/Isornot/images/NotSmiling/20250926_0_0_54792.png,0,ok
/workspace/data/Isornot/images/NotSmiling/20250926_0_0_54846.png,0,ok
/workspace/data/Isornot/images/NotSmiling/20250926_0_0_55256.png,0,ok
/workspace/data/Isornot/images/NotSmiling/20250926_0_0_55304.png,0,ok
/workspace/data/Isornot/images/NotSmiling/20250926_0_0_55306.png,0,ok
/workspace/data/Isornot/images/NotSmiling/20250926_0_0_55368.png,0,ok
/workspace/data/Isornot/images/NotSmiling/20250926_0_0_58483.png,0,ok
/workspace/data/Isornot/images/NotSmiling/20250926_0_0_58535.png,0,ok
/workspace/data/Isornot/images/NotSmiling/20250926_0_0_58540.png,0,ok
/workspace/data/Isornot/images/NotSmiling/20250926_0_0_59643.png,0,ok
/workspace/data/Isornot/images/NotSmiling/20250926_0_0_60380.png,0,ok
/workspace/data/Isornot/images/NotSmiling/20250926_0_0_60414.png,0,ok
/workspace/data/Isornot/images/NotSmiling/20250926_0_0_60444.png,0,ok
/workspace/data/Isornot/images/NotSmiling/20250926_0_0_60475.png,0,ok
/workspace/data/Isornot/images/NotSmiling/20250926_0_0_60479.png,0,ok
/workspace/data/Isornot/images/NotSmiling/20250926_0_0_60495.png,0,ok
/workspace/data/Isornot/images/NotSmiling/20250926_0_0_61143.png,0,ok
/workspace/data/Isornot/images/NotSmiling/20250926_0_0_61229.png,0,ok
/workspace/data/Isornot/images/NotSmiling/20250926_0_0_62048.png,0,ok
/workspace/data/Isornot/images/NotSmiling/20250926_0_0_62081.png,0,ok
/workspace/data/Isornot/images/NotSmiling/20250926_0_0_62115.png,0,ok
/workspace/data/Isornot/images/NotSmiling/20250926_0_0_62119.png,0,ok
/workspace/data/Isornot/images/NotSmiling/20250926_0_0_62394.png,0,ok
/workspace/data/Isornot/images/NotSmiling/20250926_0_0_62409.png,0,ok
/workspace/data/Isornot/images/NotSmiling/20250926_0_0_62423.png,0,ok
/workspace/data/Isornot/images/NotSmiling/20250926_0_0_63125.png,0,ok
/workspace/data/Isornot/images/NotSmiling/20250926_0_0_68117.png,0,ok
/workspace/data/Isornot/images/NotSmiling/20250926_0_0_68119.png,0,ok
/workspace/data/Isornot/images/NotSmiling/20250926_0_0_68582.png,0,ok
/workspace/data/Isornot/images/NotSmiling/20250926_0_0_68794.png,0,ok
/workspace/data/Isornot/images/NotSmiling/20250926_0_0_68801.png,0,ok
/workspace/data/Isornot/images/NotSmiling/20250926_0_0_75334.png,0,ok
/workspace/data/Isornot/images/NotSmiling/20250926_0_0_75357.png,0,ok
/workspace/data/Isornot/images/NotSmiling/20250926_0_0_75360.png,0,ok
/workspace/data/Isornot/images/NotSmiling/20250926_0_0_75465.png,0,ok
/workspace/data/Isornot/images/NotSmiling/20250926_0_0_75500.png,0,ok
/workspace/data/Isornot/images/NotSmiling/20250926_0_0_828.png,0,ok
/workspace/data/Isornot/images/NotSmiling/20250926_0_0_847.png,0,ok
/workspace/data/Isornot/images/NotSmiling/20250926_0_0_8682.png,0,ok
/workspace/data/Isornot/images/NotSmiling/20250926_0_0_8827.png,0,ok
/workspace/data/Isornot/images/NotSmiling/20250926_0_0_8914.png,0,ok
/workspace/data/Isornot/images/NotSmiling/20250926_0_0_8931.png,0,ok
/workspace/data/Isornot/images/NotSmiling/20250926_0_0_8975.png,0,ok
/workspace/data/Isornot/images/NotSmiling/20250926_0_0_8988.png,0,ok
/workspace/data/Isornot/images/NotSmiling/20250926_0_0_9020.png,0,ok
/workspace/data/Isornot/images/NotSmiling/20250926_0_0_9027.png,0,ok
/workspace/data/Isornot/images/NotSmiling/20250926_0_0_9039.png,0,ok
/workspace/data/Isornot/images/NotSmiling/20250926_0_0_9079.png,0,ok
/workspace/data/Isornot/images/NotSmiling/20250926_0_0_9169.png,0,ok
/workspace/data/Isornot/images/NotSmiling/20250926_0_0_9884.png,0,ok
/workspace/data/Isornot/images/NotSmiling/20250926_0_0_9916.png,0,ok
/workspace/data/Isornot/images/NotSmiling/20250926_0_0_9935.png,0,ok
/workspace/data/Isornot/images/NotSmiling/20251008_0_0_10564.png,0,ok
/workspace/data/Isornot/images/NotSmiling/20251008_0_0_11004.png,0,ok
/workspace/data/Isornot/images/NotSmiling/20251008_0_0_11442.png,0,ok
/workspace/data/Isornot/images/NotSmiling/20251008_0_0_11449.png,0,ok
/workspace/data/Isornot/images/NotSmiling/20251008_0_0_11469.png,0,ok
/workspace/data/Isornot/images/NotSmiling/20251008_0_0_11555.png,0,ok
/workspace/data/Isornot/images/NotSmiling/20251008_0_0_11556.png,0,ok
/workspace/data/Isornot/images/NotSmiling/20251008_0_0_11563.png,0,ok
/workspace/data/Isornot/images/NotSmiling/20251008_0_0_11633.png,0,ok
/workspace/data/Isornot/images/NotSmiling/20251008_0_0_11661.png,0,ok
/workspace/data/Isornot/images/NotSmiling/20251008_0_0_12251.png,0,ok
/workspace/data/Isornot/images/NotSmiling/20251008_0_0_12477.png,0,ok
/workspace/data/Isornot/images/NotSmiling/20251008_0_0_12552.png,0,ok
/workspace/data/Isornot/images/NotSmiling/20251008_0_0_12574.png,0,ok
/workspace/data/Isornot/images/NotSmiling/20251008_0_0_12651.png,0,ok
/workspace/data/Isornot/images/NotSmiling/20251008_0_0_12674.png,0,ok
/workspace/data/Isornot/images/NotSmiling/20251008_0_0_12956.png,0,ok
/workspace/data/Isornot/images/NotSmiling/20251008_0_0_12992.png,0,ok
/workspace/data/Isornot/images/NotSmiling/20251008_0_0_13001.png,0,ok
/workspace/data/Isornot/images/NotSmiling/20251008_0_0_13038.png,0,ok
/workspace/data/Isornot/images/NotSmiling/20251008_0_0_13041.png,0,ok
/workspace/data/Isornot/images/NotSmiling/20251008_0_0_13218.png,0,ok
/workspace/data/Isornot/images/NotSmiling/20251008_0_0_13250.png,0,ok
/workspace/data/Isornot/images/NotSmiling/20251008_0_0_14542.png,0,ok
/workspace/data/Isornot/images/NotSmiling/20251008_0_0_15434.png,0,ok
/workspace/data/Isornot/images/NotSmiling/20251008_0_0_15436.png,0,ok
/workspace/data/Isornot/images/NotSmiling/20251008_0_0_15639.png,0,ok
/workspace/data/Isornot/images/NotSmiling/20251008_0_0_16202.png,0,ok
/workspace/data/Isornot/images/NotSmiling/20251008_0_0_16220.png,0,ok
/workspace/data/Isornot/images/NotSmiling/20251008_0_0_16221.png,0,ok
/workspace/data/Isornot/images/NotSmiling/20251008_0_0_16505.png,0,ok
/workspace/data/Isornot/images/NotSmiling/20251008_0_0_16514.png,0,ok
/workspace/data/Isornot/images/NotSmiling/20251008_0_0_16519.png,0,ok
/workspace/data/Isornot/images/NotSmiling/20251008_0_0_18811.png,0,ok
/workspace/data/Isornot/images/NotSmiling/20251008_0_0_21180.png,0,ok
/workspace/data/Isornot/images/NotSmiling/20251008_0_0_21235.png,0,ok
/workspace/data/Isornot/images/NotSmiling/20251008_0_0_21338.png,0,ok
/workspace/data/Isornot/images/NotSmiling/20251008_0_0_21367.png,0,ok
/workspace/data/Isornot/images/NotSmiling/20251008_0_0_21579.png,0,ok
/workspace/data/Isornot/images/NotSmiling/20251008_0_0_21660.png,0,ok
/workspace/data/Isornot/images/NotSmiling/20251008_0_0_21692.png,0,ok
/workspace/data/Isornot/images/NotSmiling/20251008_0_0_21695.png,0,ok
/workspace/data/Isornot/images/NotSmiling/20251008_0_0_21697.png,0,ok
/workspace/data/Isornot/images/NotSmiling/20251008_0_0_21719.png,0,ok
/workspace/data/Isornot/images/NotSmiling/20251008_0_0_21740.png,0,ok
/workspace/data/Isornot/images/NotSmiling/20251008_0_0_21757.png,0,ok
/workspace/data/Isornot/images/NotSmiling/20251008_0_0_21767.png,0,ok
/workspace/data/Isornot/images/NotSmiling/20251008_0_0_22060.png,0,ok
/workspace/data/Isornot/images/NotSmiling/20251008_0_0_22243.png,0,ok
/workspace/data/Isornot/images/NotSmiling/20251008_0_0_22480.png,0,ok
/workspace/data/Isornot/images/NotSmiling/20251008_0_0_22512.png,0,ok
/workspace/data/Isornot/images/NotSmiling/20251008_0_0_22801.png,0,ok
/workspace/data/Isornot/images/NotSmiling/20251008_0_0_22802.png,0,ok
/workspace/data/Isornot/images/NotSmiling/20251008_0_0_22827.png,0,ok
/workspace/data/Isornot/images/NotSmiling/20251008_0_0_22864.png,0,ok
/workspace/data/Isornot/images/NotSmiling/20251008_0_0_22925.png,0,ok
/workspace/data/Isornot/images/NotSmiling/20251008_0_0_22932.png,0,ok
/workspace/data/Isornot/images/NotSmiling/20251008_0_0_22944.png,0,ok
/workspace/data/Isornot/images/NotSmiling/20251008_0_0_22946.png,0,ok
/workspace/data/Isornot/images/NotSmiling/20251008_0_0_22950.png,0,ok
/workspace/data/Isornot/images/NotSmiling/20251008_0_0_22965.png,0,ok
/workspace/data/Isornot/images/NotSmiling/20251008_0_0_22969.png,0,ok
/workspace/data/Isornot/images/NotSmiling/20251008_0_0_22973.png,0,ok
/workspace/data/Isornot/images/NotSmiling/20251008_0_0_22994.png,0,ok
/workspace/data/Isornot/images/NotSmiling/20251008_0_0_23007.png,0,ok
/workspace/data/Isornot/images/NotSmiling/20251008_0_0_23191.png,0,ok
/workspace/data/Isornot/images/NotSmiling/20251008_0_0_23254.png,0,ok
/workspace/data/Isornot/images/NotSmiling/20251008_0_0_23262.png,0,ok
/workspace/data/Isornot/images/NotSmiling/20251008_0_0_23272.png,0,ok
/workspace/data/Isornot/images/NotSmiling/20251008_0_0_23324.png,0,ok
/workspace/data/Isornot/images/NotSmiling/20251008_0_0_23360.png,0,ok
/workspace/data/Isornot/images/NotSmiling/20251008_0_0_23556.png,0,ok
/workspace/data/Isornot/images/NotSmiling/20251008_0_0_23574.png,0,ok
/workspace/data/Isornot/images/NotSmiling/20251008_0_0_23749.png,0,ok
/workspace/data/Isornot/images/NotSmiling/20251008_0_0_23856.png,0,ok
/workspace/data/Isornot/images/NotSmiling/20251008_0_0_23861.png,0,ok
/workspace/data/Isornot/images/NotSmiling/20251008_0_0_23868.png,0,ok
/workspace/data/Isornot/images/NotSmiling/20251008_0_0_23945.png,0,ok
/workspace/data/Isornot/images/NotSmiling/20251008_0_0_24144.png,0,ok
/workspace/data/Isornot/images/NotSmiling/20251008_0_0_25172.png,0,ok
/workspace/data/Isornot/images/NotSmiling/20251008_0_0_25175.png,0,ok
/workspace/data/Isornot/images/NotSmiling/20251008_0_0_25601.png,0,ok
/workspace/data/Isornot/images/NotSmiling/20251008_0_0_25641.png,0,ok
/workspace/data/Isornot/images/NotSmiling/20251008_0_0_25728.png,0,ok
/workspace/data/Isornot/images/NotSmiling/20251008_0_0_26117.png,0,ok
/workspace/data/Isornot/images/NotSmiling/20251008_0_0_26222.png,0,ok
/workspace/data/Isornot/images/NotSmiling/20251008_0_0_26236.png,0,ok
/workspace/data/Isornot/images/NotSmiling/20251008_0_0_26308.png,0,ok
/workspace/data/Isornot/images/NotSmiling/20251008_0_0_26321.png,0,ok
/workspace/data/Isornot/images/NotSmiling/20251008_0_0_26402.png,0,ok
/workspace/data/Isornot/images/NotSmiling/20251008_0_0_27116.png,0,ok
/workspace/data/Isornot/images/NotSmiling/20251008_0_0_27122.png,0,ok
/workspace/data/Isornot/images/NotSmiling/20251008_0_0_27169.png,0,ok
/workspace/data/Isornot/images/NotSmiling/20251008_0_0_27236.png,0,ok
/workspace/data/Isornot/images/NotSmiling/20251008_0_0_27689.png,0,ok
/workspace/data/Isornot/images/NotSmiling/20251008_0_0_27797.png,0,ok
/workspace/data/Isornot/images/NotSmiling/20251008_0_0_7362.png,0,ok
/workspace/data/Isornot/images/NotSmiling/20251008_0_0_7384.png,0,ok
/workspace/data/Isornot/images/NotSmiling/20251008_0_0_7394.png,0,ok
/workspace/data/Isornot/images/NotSmiling/20251008_0_0_7552.png,0,ok
/workspace/data/Isornot/images/NotSmiling/20251008_0_0_7558.png,0,ok
/workspace/data/Isornot/images/NotSmiling/20251008_0_0_8128.png,0,ok
/workspace/data/Isornot/images/NotSmiling/20251008_0_0_8485.png,0,ok
/workspace/data/Isornot/images/NotSmiling/20251008_0_0_8494.png,0,ok
/workspace/data/Isornot/images/NotSmiling/20251008_0_0_8542.png,0,ok
/workspace/data/Isornot/images/NotSmiling/20251008_0_0_8618.png,0,ok
/workspace/data/Isornot/images/NotSmiling/20251008_0_0_8675.png,0,ok
/workspace/data/Isornot/images/NotSmiling/20251008_0_0_8708.png,0,ok
/workspace/data/Isornot/images/NotSmiling/20251008_0_0_8767.png,0,ok
/workspace/data/Isornot/images/NotSmiling/20251008_0_0_9493.png,0,ok
/workspace/data/Isornot/images/NotSmiling/20251008_0_0_9518.png,0,ok
/workspace/data/Isornot/images/NotSmiling/20251008_0_0_9832.png,0,ok
/workspace/data/Isornot/images/NotSmiling/20251008_0_0_9848.png,0,ok
/workspace/data/Isornot/images/NotSmiling/20251019_0_0_11116.png,0,ok
/workspace/data/Isornot/images/NotSmiling/20251019_0_0_11210.png,0,ok
/workspace/data/Isornot/images/NotSmiling/20251019_0_0_11223.png,0,ok
/workspace/data/Isornot/images/NotSmiling/20251019_0_0_11282.png,0,ok
/workspace/data/Isornot/images/NotSmiling/20251019_0_0_13555.png,0,ok
/workspace/data/Isornot/images/NotSmiling/20251019_0_0_13635.png,0,ok
/workspace/data/Isornot/images/NotSmiling/20251019_0_0_16136.png,0,ok
/workspace/data/Isornot/images/NotSmiling/20251019_0_0_18390.png,0,ok
/workspace/data/Isornot/images/NotSmiling/20251019_0_0_21633.png,0,ok
/workspace/data/Isornot/images/NotSmiling/20251019_0_0_21673.png,0,ok
/workspace/data/Isornot/images/NotSmiling/20251019_0_0_21799.png,0,ok
/workspace/data/Isornot/images/NotSmiling/20251019_0_0_23517.png,0,ok
/workspace/data/Isornot/images/NotSmiling/20251019_0_0_23551.png,0,ok
/workspace/data/Isornot/images/NotSmiling/20251019_0_0_23747.png,0,ok
/workspace/data/Isornot/images/NotSmiling/20251019_0_0_24416.png,0,ok
/workspace/data/Isornot/images/NotSmiling/20251019_0_0_24540.png,0,ok
/workspace/data/Isornot/images/NotSmiling/20251019_0_0_25697.png,0,ok
/workspace/data/Isornot/images/NotSmiling/20251019_0_0_25711.png,0,ok
/workspace/data/Isornot/images/NotSmiling/20251019_0_0_25857.png,0,ok
/workspace/data/Isornot/images/NotSmiling/20251019_0_0_25885.png,0,ok
/workspace/data/Isornot/images/NotSmiling/20251019_0_0_25939.png,0,ok
/workspace/data/Isornot/images/NotSmiling/20251019_0_0_26540.png,0,ok
/workspace/data/Isornot/images/NotSmiling/20251019_0_0_26549.png,0,ok
/workspace/data/Isornot/images/NotSmiling/20251019_0_0_27397.png,0,ok
/workspace/data/Isornot/images/NotSmiling/20251019_0_0_27537.png,0,ok
/workspace/data/Isornot/images/NotSmiling/20251019_0_0_28815.png,0,ok
/workspace/data/Isornot/images/NotSmiling/20251019_0_0_30424.png,0,ok
/workspace/data/Isornot/images/NotSmiling/20251019_0_0_31385.png,0,ok
/workspace/data/Isornot/images/NotSmiling/20251019_0_0_31402.png,0,ok
/workspace/data/Isornot/images/NotSmiling/20251019_0_0_31576.png,0,ok
/workspace/data/Isornot/images/NotSmiling/20251019_0_0_31612.png,0,ok
/workspace/data/Isornot/images/NotSmiling/20251019_0_0_33495.png,0,ok
/workspace/data/Isornot/images/NotSmiling/20251019_0_0_38782.png,0,ok
/workspace/data/Isornot/images/NotSmiling/20251019_0_0_3903.png,0,ok
/workspace/data/Isornot/images/NotSmiling/20251019_0_0_3979.png,0,ok
/workspace/data/Isornot/images/NotSmiling/20251019_0_0_41900.png,0,ok
/workspace/data/Isornot/images/NotSmiling/20251019_0_0_42157.png,0,ok
/workspace/data/Isornot/images/NotSmiling/20251019_0_0_42397.png,0,ok
/workspace/data/Isornot/images/NotSmiling/20251019_0_0_42500.png,0,ok
/workspace/data/Isornot/images/NotSmiling/20251019_0_0_46088.png,0,ok
/workspace/data/Isornot/images/NotSmiling/20251019_0_0_46114.png,0,ok
/workspace/data/Isornot/images/NotSmiling/20251019_0_0_46137.png,0,ok
/workspace/data/Isornot/images/NotSmiling/20251019_0_0_46140.png,0,ok
/workspace/data/Isornot/images/NotSmiling/20251019_0_0_46148.png,0,ok
/workspace/data/Isornot/images/NotSmiling/20251019_0_0_47290.png,0,ok
/workspace/data/Isornot/images/NotSmiling/20251019_0_0_47326.png,0,ok
/workspace/data/Isornot/images/NotSmiling/20251019_0_0_47331.png,0,ok
/workspace/data/Isornot/images/NotSmiling/20251019_0_0_47369.png,0,ok
/workspace/data/Isornot/images/NotSmiling/20251019_0_0_47742.png,0,ok
/workspace/data/Isornot/images/NotSmiling/20251019_0_0_47848.png,0,ok
/workspace/data/Isornot/images/NotSmiling/20251019_0_0_47853.png,0,ok
/workspace/data/Isornot/images/NotSmiling/20251019_0_0_49932.png,0,ok
/workspace/data/Isornot/images/NotSmiling/20251019_0_0_50000.png,0,ok
/workspace/data/Isornot/images/NotSmiling/20251019_0_0_5073.png,0,ok
/workspace/data/Isornot/images/NotSmiling/20251019_0_0_5079.png,0,ok
/workspace/data/Isornot/images/NotSmiling/20251019_0_0_50980.png,0,ok
/workspace/data/Isornot/images/NotSmiling/20251019_0_0_51070.png,0,ok
/workspace/data/Isornot/images/NotSmiling/20251019_0_0_52082.png,0,ok
/workspace/data/Isornot/images/NotSmiling/20251019_0_0_52171.png,0,ok
/workspace/data/Isornot/images/NotSmiling/20251019_0_0_52234.png,0,ok
/workspace/data/Isornot/images/NotSmiling/20251019_0_0_52241.png,0,ok
/workspace/data/Isornot/images/NotSmiling/20251019_0_0_52659.png,0,ok
/workspace/data/Isornot/images/NotSmiling/20251019_0_0_52675.png,0,ok
/workspace/data/Isornot/images/NotSmiling/20251019_0_0_52723.png,0,ok
/workspace/data/Isornot/images/NotSmiling/20251019_0_0_54288.png,0,ok
/workspace/data/Isornot/images/NotSmiling/20251019_0_0_54293.png,0,ok
/workspace/data/Isornot/images/NotSmiling/20251019_0_0_54310.png,0,ok
/workspace/data/Isornot/images/NotSmiling/20251019_0_0_54314.png,0,ok
/workspace/data/Isornot/images/NotSmiling/20251019_0_0_54325.png,0,ok
/workspace/data/Isornot/images/NotSmiling/20251019_0_0_54347.png,0,ok
/workspace/data/Isornot/images/NotSmiling/20251019_0_0_55972.png,0,ok
/workspace/data/Isornot/images/NotSmiling/20251019_0_0_55995.png,0,ok
/workspace/data/Isornot/images/NotSmiling/20251019_0_0_56115.png,0,ok
/workspace/data/Isornot/images/NotSmiling/20251019_0_0_56196.png,0,ok
/workspace/data/Isornot/images/NotSmiling/20251019_0_0_56243.png,0,ok
/workspace/data/Isornot/images/NotSmiling/20251019_0_0_56282.png,0,ok
/workspace/data/Isornot/images/NotSmiling/20251019_0_0_56384.png,0,ok
/workspace/data/Isornot/images/NotSmiling/20251019_0_0_56388.png,0,ok
/workspace/data/Isornot/images/NotSmiling/20251019_0_0_56401.png,0,ok
/workspace/data/Isornot/images/NotSmiling/20251019_0_0_56409.png,0,ok
/workspace/data/Isornot/images/NotSmiling/20251019_0_0_56907.png,0,ok
/workspace/data/Isornot/images/NotSmiling/20251019_0_0_56948.png,0,ok
/workspace/data/Isornot/images/NotSmiling/20251019_0_0_57055.png,0,ok
/workspace/data/Isornot/images/NotSmiling/20251019_0_0_57084.png,0,ok
/workspace/data/Isornot/images/NotSmiling/20251019_0_0_8363.png,0,ok
/workspace/data/Isornot/images/NotSmiling/20251019_0_0_8392.png,0,ok
/workspace/data/Isornot/images/NotSmiling/20251019_0_0_8411.png,0,ok
/workspace/data/Isornot/images/NotSmiling/20251019_0_0_8624.png,0,ok
/workspace/data/Isornot/images/NotSmiling/20251019_0_0_8644.png,0,ok
/workspace/data/Isornot/images/NotSmiling/20251019_0_0_8688.png,0,ok
/workspace/data/Isornot/images/NotSmiling/20251019_0_0_8735.png,0,ok
/workspace/data/Isornot/images/NotSmiling/20251019_0_0_8843.png,0,ok
/workspace/data/Isornot/images/NotSmiling/20251019_0_0_8893.png,0,ok
/workspace/data/Isornot/images/NotSmiling/20251019_0_0_9000.png,0,ok
/workspace/data/Isornot/images/NotSmiling/20251019_0_0_9109.png,0,ok
/workspace/data/Isornot/images/NotSmiling/20251029_0_0_11495.png,0,ok
/workspace/data/Isornot/images/NotSmiling/20251029_0_0_11663.png,0,ok
/workspace/data/Isornot/images/NotSmiling/20251029_0_0_11669.png,0,ok
/workspace/data/Isornot/images/NotSmiling/20251029_0_0_11709.png,0,ok
/workspace/data/Isornot/images/NotSmiling/20251029_0_0_11719.png,0,ok
/workspace/data/Isornot/images/NotSmiling/20251029_0_0_11727.png,0,ok
/workspace/data/Isornot/images/NotSmiling/20251029_0_0_11730.png,0,ok
/workspace/data/Isornot/images/NotSmiling/20251029_0_0_11788.png,0,ok
/workspace/data/Isornot/images/NotSmiling/20251029_0_0_14029.png,0,ok
/workspace/data/Isornot/images/NotSmiling/20251029_0_0_14157.png,0,ok
/workspace/data/Isornot/images/NotSmiling/20251029_0_0_15071.png,0,ok
/workspace/data/Isornot/images/NotSmiling/20251029_0_0_15116.png,0,ok
/workspace/data/Isornot/images/NotSmiling/20251029_0_0_15286.png,0,ok
/workspace/data/Isornot/images/NotSmiling/20251029_0_0_15298.png,0,ok
/workspace/data/Isornot/images/NotSmiling/20251029_0_0_158.png,0,ok
/workspace/data/Isornot/images/NotSmiling/20251029_0_0_16597.png,0,ok
/workspace/data/Isornot/images/NotSmiling/20251029_0_0_16616.png,0,ok
/workspace/data/Isornot/images/NotSmiling/20251029_0_0_16635.png,0,ok
/workspace/data/Isornot/images/NotSmiling/20251029_0_0_16655.png,0,ok
/workspace/data/Isornot/images/NotSmiling/20251029_0_0_16819.png,0,ok
/workspace/data/Isornot/images/NotSmiling/20251029_0_0_16864.png,0,ok
/workspace/data/Isornot/images/NotSmiling/20251029_0_0_16877.png,0,ok
/workspace/data/Isornot/images/NotSmiling/20251029_0_0_17061.png,0,ok
/workspace/data/Isornot/images/NotSmiling/20251029_0_0_17415.png,0,ok
/workspace/data/Isornot/images/NotSmiling/20251029_0_0_17499.png,0,ok
/workspace/data/Isornot/images/NotSmiling/20251029_0_0_179.png,0,ok
/workspace/data/Isornot/images/NotSmiling/20251029_0_0_196.png,0,ok
/workspace/data/Isornot/images/NotSmiling/20251029_0_0_204.png,0,ok
/workspace/data/Isornot/images/NotSmiling/20251029_0_0_2249.png,0,ok
/workspace/data/Isornot/images/NotSmiling/20251029_0_0_2299.png,0,ok
/workspace/data/Isornot/images/NotSmiling/20251029_0_0_2300.png,0,ok
/workspace/data/Isornot/images/NotSmiling/20251029_0_0_2329.png,0,ok
/workspace/data/Isornot/images/NotSmiling/20251029_0_0_24076.png,0,ok
/workspace/data/Isornot/images/NotSmiling/20251029_0_0_24134.png,0,ok
/workspace/data/Isornot/images/NotSmiling/20251029_0_0_24178.png,0,ok
/workspace/data/Isornot/images/NotSmiling/20251029_0_0_24198.png,0,ok
/workspace/data/Isornot/images/NotSmiling/20251029_0_0_24201.png,0,ok
/workspace/data/Isornot/images/NotSmiling/20251029_0_0_24203.png,0,ok
/workspace/data/Isornot/images/NotSmiling/20251029_0_0_24645.png,0,ok
/workspace/data/Isornot/images/NotSmiling/20251029_0_0_2477.png,0,ok
/workspace/data/Isornot/images/NotSmiling/20251029_0_0_24874.png,0,ok
/workspace/data/Isornot/images/NotSmiling/20251029_0_0_24890.png,0,ok
/workspace/data/Isornot/images/NotSmiling/20251029_0_0_2506.png,0,ok
/workspace/data/Isornot/images/NotSmiling/20251029_0_0_2511.png,0,ok
/workspace/data/Isornot/images/NotSmiling/20251029_0_0_2583.png,0,ok
/workspace/data/Isornot/images/NotSmiling/20251029_0_0_26107.png,0,ok
/workspace/data/Isornot/images/NotSmiling/20251029_0_0_26115.png,0,ok
/workspace/data/Isornot/images/NotSmiling/20251029_0_0_26163.png,0,ok
/workspace/data/Isornot/images/NotSmiling/20251029_0_0_26725.png,0,ok
/workspace/data/Isornot/images/NotSmiling/20251029_0_0_26909.png,0,ok
/workspace/data/Isornot/images/NotSmiling/20251029_0_0_26946.png,0,ok
/workspace/data/Isornot/images/NotSmiling/20251029_0_0_26950.png,0,ok
/workspace/data/Isornot/images/NotSmiling/20251029_0_0_27183.png,0,ok
/workspace/data/Isornot/images/NotSmiling/20251029_0_0_27188.png,0,ok
/workspace/data/Isornot/images/NotSmiling/20251029_0_0_273.png,0,ok
/workspace/data/Isornot/images/NotSmiling/20251029_0_0_27377.png,0,ok
/workspace/data/Isornot/images/NotSmiling/20251029_0_0_27411.png,0,ok
/workspace/data/Isornot/images/NotSmiling/20251029_0_0_27419.png,0,ok
/workspace/data/Isornot/images/NotSmiling/20251029_0_0_27526.png,0,ok
/workspace/data/Isornot/images/NotSmiling/20251029_0_0_27542.png,0,ok
/workspace/data/Isornot/images/NotSmiling/20251029_0_0_28575.png,0,ok
/workspace/data/Isornot/images/NotSmiling/20251029_0_0_28651.png,0,ok
/workspace/data/Isornot/images/NotSmiling/20251029_0_0_28712.png,0,ok
/workspace/data/Isornot/images/NotSmiling/20251029_0_0_29578.png,0,ok
/workspace/data/Isornot/images/NotSmiling/20251029_0_0_29705.png,0,ok
/workspace/data/Isornot/images/NotSmiling/20251029_0_0_30046.png,0,ok
/workspace/data/Isornot/images/NotSmiling/20251029_0_0_30129.png,0,ok
/workspace/data/Isornot/images/NotSmiling/20251029_0_0_33831.png,0,ok
/workspace/data/Isornot/images/NotSmiling/20251029_0_0_33843.png,0,ok
/workspace/data/Isornot/images/NotSmiling/20251029_0_0_33923.png,0,ok
/workspace/data/Isornot/images/NotSmiling/20251029_0_0_33960.png,0,ok
/workspace/data/Isornot/images/NotSmiling/20251029_0_0_33973.png,0,ok
/workspace/data/Isornot/images/NotSmiling/20251029_0_0_33974.png,0,ok
/workspace/data/Isornot/images/NotSmiling/20251029_0_0_34718.png,0,ok
/workspace/data/Isornot/images/NotSmiling/20251029_0_0_34720.png,0,ok
/workspace/data/Isornot/images/NotSmiling/20251029_0_0_36298.png,0,ok
/workspace/data/Isornot/images/NotSmiling/20251029_0_0_36299.png,0,ok
/workspace/data/Isornot/images/NotSmiling/20251029_0_0_36302.png,0,ok
/workspace/data/Isornot/images/NotSmiling/20251029_0_0_36346.png,0,ok
/workspace/data/Isornot/images/NotSmiling/20251029_0_0_36390.png,0,ok
/workspace/data/Isornot/images/NotSmiling/20251029_0_0_36425.png,0,ok
/workspace/data/Isornot/images/NotSmiling/20251029_0_0_36436.png,0,ok
/workspace/data/Isornot/images/NotSmiling/20251029_0_0_36479.png,0,ok
/workspace/data/Isornot/images/NotSmiling/20251029_0_0_36523.png,0,ok
/workspace/data/Isornot/images/NotSmiling/20251029_0_0_36540.png,0,ok
/workspace/data/Isornot/images/NotSmiling/20251029_0_0_36549.png,0,ok
/workspace/data/Isornot/images/NotSmiling/20251029_0_0_36552.png,0,ok
/workspace/data/Isornot/images/NotSmiling/20251029_0_0_36589.png,0,ok
/workspace/data/Isornot/images/NotSmiling/20251029_0_0_366.png,0,ok
/workspace/data/Isornot/images/NotSmiling/20251029_0_0_36627.png,0,ok
/workspace/data/Isornot/images/NotSmiling/20251029_0_0_36732.png,0,ok
/workspace/data/Isornot/images/NotSmiling/20251029_0_0_37097.png,0,ok
/workspace/data/Isornot/images/NotSmiling/20251029_0_0_37622.png,0,ok
/workspace/data/Isornot/images/NotSmiling/20251029_0_0_37626.png,0,ok
/workspace/data/Isornot/images/NotSmiling/20251029_0_0_37729.png,0,ok
/workspace/data/Isornot/images/NotSmiling/20251029_0_0_37745.png,0,ok
/workspace/data/Isornot/images/NotSmiling/20251029_0_0_37767.png,0,ok
/workspace/data/Isornot/images/NotSmiling/20251029_0_0_37785.png,0,ok
/workspace/data/Isornot/images/NotSmiling/20251029_0_0_38072.png,0,ok
/workspace/data/Isornot/images/NotSmiling/20251029_0_0_38101.png,0,ok
/workspace/data/Isornot/images/NotSmiling/20251029_0_0_386.png,0,ok
/workspace/data/Isornot/images/NotSmiling/20251029_0_0_40652.png,0,ok
/workspace/data/Isornot/images/NotSmiling/20251029_0_0_40836.png,0,ok
/workspace/data/Isornot/images/NotSmiling/20251029_0_0_40867.png,0,ok
/workspace/data/Isornot/images/NotSmiling/20251029_0_0_40875.png,0,ok
/workspace/data/Isornot/images/NotSmiling/20251029_0_0_41974.png,0,ok
/workspace/data/Isornot/images/NotSmiling/20251029_0_0_42174.png,0,ok
/workspace/data/Isornot/images/NotSmiling/20251029_0_0_42639.png,0,ok
/workspace/data/Isornot/images/NotSmiling/20251029_0_0_44742.png,0,ok
/workspace/data/Isornot/images/NotSmiling/20251029_0_0_44851.png,0,ok
/workspace/data/Isornot/images/NotSmiling/20251029_0_0_44884.png,0,ok
/workspace/data/Isornot/images/NotSmiling/20251029_0_0_44976.png,0,ok
/workspace/data/Isornot/images/NotSmiling/20251029_0_0_45038.png,0,ok
/workspace/data/Isornot/images/NotSmiling/20251029_0_0_45167.png,0,ok
/workspace/data/Isornot/images/NotSmiling/20251029_0_0_45176.png,0,ok
/workspace/data/Isornot/images/NotSmiling/20251029_0_0_45202.png,0,ok
/workspace/data/Isornot/images/NotSmiling/20251029_0_0_45208.png,0,ok
/workspace/data/Isornot/images/NotSmiling/20251029_0_0_45235.png,0,ok
/workspace/data/Isornot/images/NotSmiling/20251029_0_0_45477.png,0,ok
/workspace/data/Isornot/images/NotSmiling/20251029_0_0_45486.png,0,ok
/workspace/data/Isornot/images/NotSmiling/20251029_0_0_45491.png,0,ok
/workspace/data/Isornot/images/NotSmiling/20251029_0_0_45539.png,0,ok
/workspace/data/Isornot/images/NotSmiling/20251029_0_0_45560.png,0,ok
/workspace/data/Isornot/images/NotSmiling/20251029_0_0_45573.png,0,ok
/workspace/data/Isornot/images/NotSmiling/20251029_0_0_45876.png,0,ok
/workspace/data/Isornot/images/NotSmiling/20251029_0_0_46051.png,0,ok
/workspace/data/Isornot/images/NotSmiling/20251029_0_0_46064.png,0,ok
/workspace/data/Isornot/images/NotSmiling/20251029_0_0_46176.png,0,ok
/workspace/data/Isornot/images/NotSmiling/20251029_0_0_46231.png,0,ok
/workspace/data/Isornot/images/NotSmiling/20251029_0_0_46265.png,0,ok
/workspace/data/Isornot/images/NotSmiling/20251029_0_0_47557.png,0,ok
/workspace/data/Isornot/images/NotSmiling/20251029_0_0_47586.png,0,ok
/workspace/data/Isornot/images/NotSmiling/20251029_0_0_47724.png,0,ok
/workspace/data/Isornot/images/NotSmiling/20251029_0_0_48079.png,0,ok
/workspace/data/Isornot/images/NotSmiling/20251029_0_0_48108.png,0,ok
/workspace/data/Isornot/images/NotSmiling/20251029_0_0_48176.png,0,ok
/workspace/data/Isornot/images/NotSmiling/20251029_0_0_48350.png,0,ok
/workspace/data/Isornot/images/NotSmiling/20251029_0_0_48547.png,0,ok
/workspace/data/Isornot/images/NotSmiling/20251029_0_0_48548.png,0,ok
/workspace/data/Isornot/images/NotSmiling/20251029_0_0_48644.png,0,ok
/workspace/data/Isornot/images/NotSmiling/20251029_0_0_5123.png,0,ok
/workspace/data/Isornot/images/NotSmiling/20251029_0_0_5144.png,0,ok
/workspace/data/Isornot/images/NotSmiling/20251029_0_0_5151.png,0,ok
/workspace/data/Isornot/images/NotSmiling/20251029_0_0_5169.png,0,ok
/workspace/data/Isornot/images/NotSmiling/20251029_0_0_5182.png,0,ok
/workspace/data/Isornot/images/NotSmiling/20251029_0_0_5274.png,0,ok
/workspace/data/Isornot/images/NotSmiling/20251029_0_0_5535.png,0,ok
/workspace/data/Isornot/images/NotSmiling/20251029_0_0_5541.png,0,ok
/workspace/data/Isornot/images/NotSmiling/20251029_0_0_5552.png,0,ok
/workspace/data/Isornot/images/NotSmiling/20251029_0_0_5584.png,0,ok
/workspace/data/Isornot/images/NotSmiling/20251029_0_0_5756.png,0,ok
/workspace/data/Isornot/images/NotSmiling/20251029_0_0_5906.png,0,ok
/workspace/data/Isornot/images/NotSmiling/20251029_0_0_6064.png,0,ok
/workspace/data/Isornot/images/NotSmiling/20251029_0_0_6650.png,0,ok
/workspace/data/Isornot/images/NotSmiling/20251029_0_0_6676.png,0,ok
/workspace/data/Isornot/images/NotSmiling/20251029_0_0_8233.png,0,ok
/workspace/data/Isornot/images/NotSmiling/20251029_0_0_8240.png,0,ok
/workspace/data/Isornot/images/NotSmiling/20251029_0_0_8553.png,0,ok
/workspace/data/Isornot/images/NotSmiling/20251029_0_0_8561.png,0,ok
/workspace/data/Isornot/images/NotSmiling/20251029_0_0_9701.png,0,ok
/workspace/data/Isornot/images/NotSmiling/20251029_0_0_9725.png,0,ok
/workspace/data/Isornot/images/NotSmiling/20251029_0_0_9734.png,0,ok
/workspace/data/Isornot/images/NotSmiling/20251029_0_0_9745.png,0,ok
/workspace/data/Isornot/images/NotSmiling/20251029_0_0_9806.png,0,ok
